
*** Running vivado
    with args -log system_top.vdi -applog -m64 -product Vivado -messageDb vivado.pb -mode batch -source system_top.tcl -notrace



****** Vivado v2021.1 (64-bit)
  **** SW Build 3247384 on Thu Jun 10 19:36:33 MDT 2021
  **** IP Build 3246043 on Fri Jun 11 00:30:35 MDT 2021
    ** Copyright 1986-2021 Xilinx, Inc. All Rights Reserved.

source system_top.tcl -notrace
INFO: [IP_Flow 19-234] Refreshing IP repositories
INFO: [IP_Flow 19-1700] Loaded user IP repository 'f:/FPGA_Code/MyCore_7010_V3/AD936X_PL/library'.
WARNING: [IP_Flow 19-2248] Failed to load user IP repository 'f:/FPGA_Code/MyCore_7010_V3/ghdl/library'; Can't find the specified path.
If this directory should no longer be in your list of user repositories, go to the IP Settings dialog and remove it.
INFO: [IP_Flow 19-2313] Loaded Vivado IP repository 'D:/Xilinx_2021_1/Vivado/2021.1/data/ip'.
Command: link_design -top system_top -part xc7z020clg400-2
Design is defaulting to srcset: sources_1
Design is defaulting to constrset: constrs_1
INFO: [Device 21-403] Loading part xc7z020clg400-2
INFO: [Project 1-454] Reading design checkpoint 'f:/FPGA_Code/7020_AD936X_SDR/AD936X_PL/projects/fmcomms2/zc702/zc702.gen/sources_1/bd/system/ip/system_axi_ad9361_0/system_axi_ad9361_0.dcp' for cell 'i_system_wrapper/system_i/axi_ad9361'
INFO: [Project 1-454] Reading design checkpoint 'f:/FPGA_Code/7020_AD936X_SDR/AD936X_PL/projects/fmcomms2/zc702/zc702.gen/sources_1/bd/system/ip/system_axi_ad9361_adc_dma_0/system_axi_ad9361_adc_dma_0.dcp' for cell 'i_system_wrapper/system_i/axi_ad9361_adc_dma'
INFO: [Project 1-454] Reading design checkpoint 'f:/FPGA_Code/7020_AD936X_SDR/AD936X_PL/projects/fmcomms2/zc702/zc702.gen/sources_1/bd/system/ip/system_axi_ad9361_dac_dma_0/system_axi_ad9361_dac_dma_0.dcp' for cell 'i_system_wrapper/system_i/axi_ad9361_dac_dma'
INFO: [Project 1-454] Reading design checkpoint 'f:/FPGA_Code/7020_AD936X_SDR/AD936X_PL/projects/fmcomms2/zc702/zc702.gen/sources_1/bd/system/ip/system_axi_ad9361_dac_fifo_0/system_axi_ad9361_dac_fifo_0.dcp' for cell 'i_system_wrapper/system_i/axi_ad9361_dac_fifo'
INFO: [Project 1-454] Reading design checkpoint 'f:/FPGA_Code/7020_AD936X_SDR/AD936X_PL/projects/fmcomms2/zc702/zc702.gen/sources_1/bd/system/ip/system_axi_hp1_interconnect_0/system_axi_hp1_interconnect_0.dcp' for cell 'i_system_wrapper/system_i/axi_hp1_interconnect'
INFO: [Project 1-454] Reading design checkpoint 'f:/FPGA_Code/7020_AD936X_SDR/AD936X_PL/projects/fmcomms2/zc702/zc702.gen/sources_1/bd/system/ip/system_axi_hp2_interconnect_0/system_axi_hp2_interconnect_0.dcp' for cell 'i_system_wrapper/system_i/axi_hp2_interconnect'
INFO: [Project 1-454] Reading design checkpoint 'f:/FPGA_Code/7020_AD936X_SDR/AD936X_PL/projects/fmcomms2/zc702/zc702.gen/sources_1/bd/system/ip/system_sys_200m_rstgen_0/system_sys_200m_rstgen_0.dcp' for cell 'i_system_wrapper/system_i/sys_200m_rstgen'
INFO: [Project 1-454] Reading design checkpoint 'f:/FPGA_Code/7020_AD936X_SDR/AD936X_PL/projects/fmcomms2/zc702/zc702.gen/sources_1/bd/system/ip/system_sys_ps7_0/system_sys_ps7_0.dcp' for cell 'i_system_wrapper/system_i/sys_ps7'
INFO: [Project 1-454] Reading design checkpoint 'f:/FPGA_Code/7020_AD936X_SDR/AD936X_PL/projects/fmcomms2/zc702/zc702.gen/sources_1/bd/system/ip/system_sys_rstgen_0/system_sys_rstgen_0.dcp' for cell 'i_system_wrapper/system_i/sys_rstgen'
INFO: [Project 1-454] Reading design checkpoint 'f:/FPGA_Code/7020_AD936X_SDR/AD936X_PL/projects/fmcomms2/zc702/zc702.gen/sources_1/bd/system/ip/system_util_ad9361_adc_fifo_0/system_util_ad9361_adc_fifo_0.dcp' for cell 'i_system_wrapper/system_i/util_ad9361_adc_fifo'
INFO: [Project 1-454] Reading design checkpoint 'f:/FPGA_Code/7020_AD936X_SDR/AD936X_PL/projects/fmcomms2/zc702/zc702.gen/sources_1/bd/system/ip/system_util_ad9361_adc_pack_0/system_util_ad9361_adc_pack_0.dcp' for cell 'i_system_wrapper/system_i/util_ad9361_adc_pack'
INFO: [Project 1-454] Reading design checkpoint 'f:/FPGA_Code/7020_AD936X_SDR/AD936X_PL/projects/fmcomms2/zc702/zc702.gen/sources_1/bd/system/ip/system_util_ad9361_dac_upack_0/system_util_ad9361_dac_upack_0.dcp' for cell 'i_system_wrapper/system_i/util_ad9361_dac_upack'
INFO: [Project 1-454] Reading design checkpoint 'f:/FPGA_Code/7020_AD936X_SDR/AD936X_PL/projects/fmcomms2/zc702/zc702.gen/sources_1/bd/system/ip/system_util_ad9361_divclk_0/system_util_ad9361_divclk_0.dcp' for cell 'i_system_wrapper/system_i/util_ad9361_divclk'
INFO: [Project 1-454] Reading design checkpoint 'f:/FPGA_Code/7020_AD936X_SDR/AD936X_PL/projects/fmcomms2/zc702/zc702.gen/sources_1/bd/system/ip/system_util_ad9361_divclk_reset_0/system_util_ad9361_divclk_reset_0.dcp' for cell 'i_system_wrapper/system_i/util_ad9361_divclk_reset'
INFO: [Project 1-454] Reading design checkpoint 'f:/FPGA_Code/7020_AD936X_SDR/AD936X_PL/projects/fmcomms2/zc702/zc702.gen/sources_1/bd/system/ip/system_util_ad9361_divclk_sel_0/system_util_ad9361_divclk_sel_0.dcp' for cell 'i_system_wrapper/system_i/util_ad9361_divclk_sel'
INFO: [Project 1-454] Reading design checkpoint 'f:/FPGA_Code/7020_AD936X_SDR/AD936X_PL/projects/fmcomms2/zc702/zc702.gen/sources_1/bd/system/ip/system_util_ad9361_tdd_sync_0/system_util_ad9361_tdd_sync_0.dcp' for cell 'i_system_wrapper/system_i/util_ad9361_tdd_sync'
INFO: [Project 1-454] Reading design checkpoint 'f:/FPGA_Code/7020_AD936X_SDR/AD936X_PL/projects/fmcomms2/zc702/zc702.gen/sources_1/bd/system/ip/system_xbar_0/system_xbar_0.dcp' for cell 'i_system_wrapper/system_i/axi_cpu_interconnect/xbar'
INFO: [Project 1-454] Reading design checkpoint 'f:/FPGA_Code/7020_AD936X_SDR/AD936X_PL/projects/fmcomms2/zc702/zc702.gen/sources_1/bd/system/ip/system_auto_pc_0/system_auto_pc_0.dcp' for cell 'i_system_wrapper/system_i/axi_cpu_interconnect/m06_couplers/auto_pc'
INFO: [Project 1-454] Reading design checkpoint 'f:/FPGA_Code/7020_AD936X_SDR/AD936X_PL/projects/fmcomms2/zc702/zc702.gen/sources_1/bd/system/ip/system_auto_pc_1/system_auto_pc_1.dcp' for cell 'i_system_wrapper/system_i/axi_cpu_interconnect/m07_couplers/auto_pc'
INFO: [Project 1-454] Reading design checkpoint 'f:/FPGA_Code/7020_AD936X_SDR/AD936X_PL/projects/fmcomms2/zc702/zc702.gen/sources_1/bd/system/ip/system_auto_pc_2/system_auto_pc_2.dcp' for cell 'i_system_wrapper/system_i/axi_cpu_interconnect/m08_couplers/auto_pc'
INFO: [Project 1-454] Reading design checkpoint 'f:/FPGA_Code/7020_AD936X_SDR/AD936X_PL/projects/fmcomms2/zc702/zc702.gen/sources_1/bd/system/ip/system_auto_pc_3/system_auto_pc_3.dcp' for cell 'i_system_wrapper/system_i/axi_cpu_interconnect/s00_couplers/auto_pc'
Netlist sorting complete. Time (s): cpu = 00:00:00 ; elapsed = 00:00:00.671 . Memory (MB): peak = 1282.773 ; gain = 0.000
INFO: [Netlist 29-17] Analyzing 2028 Unisim elements for replacement
INFO: [Netlist 29-28] Unisim Transformation completed in 0 CPU seconds
INFO: [Project 1-479] Netlist was created with Vivado 2021.1
INFO: [Project 1-570] Preparing netlist for logic optimization
Parsing XDC File [f:/FPGA_Code/7020_AD936X_SDR/AD936X_PL/projects/fmcomms2/zc702/zc702.gen/sources_1/bd/system/ip/xilinx/common/up_xfer_cntrl_constr.xdc] for cell 'i_system_wrapper/system_i/axi_ad9361/inst'
Finished Parsing XDC File [f:/FPGA_Code/7020_AD936X_SDR/AD936X_PL/projects/fmcomms2/zc702/zc702.gen/sources_1/bd/system/ip/xilinx/common/up_xfer_cntrl_constr.xdc] for cell 'i_system_wrapper/system_i/axi_ad9361/inst'
Parsing XDC File [f:/FPGA_Code/7020_AD936X_SDR/AD936X_PL/projects/fmcomms2/zc702/zc702.gen/sources_1/bd/system/ip/xilinx/common/ad_rst_constr.xdc] for cell 'i_system_wrapper/system_i/axi_ad9361/inst'
Finished Parsing XDC File [f:/FPGA_Code/7020_AD936X_SDR/AD936X_PL/projects/fmcomms2/zc702/zc702.gen/sources_1/bd/system/ip/xilinx/common/ad_rst_constr.xdc] for cell 'i_system_wrapper/system_i/axi_ad9361/inst'
Parsing XDC File [f:/FPGA_Code/7020_AD936X_SDR/AD936X_PL/projects/fmcomms2/zc702/zc702.gen/sources_1/bd/system/ip/xilinx/common/up_xfer_status_constr.xdc] for cell 'i_system_wrapper/system_i/axi_ad9361/inst'
Finished Parsing XDC File [f:/FPGA_Code/7020_AD936X_SDR/AD936X_PL/projects/fmcomms2/zc702/zc702.gen/sources_1/bd/system/ip/xilinx/common/up_xfer_status_constr.xdc] for cell 'i_system_wrapper/system_i/axi_ad9361/inst'
Parsing XDC File [f:/FPGA_Code/7020_AD936X_SDR/AD936X_PL/projects/fmcomms2/zc702/zc702.gen/sources_1/bd/system/ip/xilinx/common/up_clock_mon_constr.xdc] for cell 'i_system_wrapper/system_i/axi_ad9361/inst'
Finished Parsing XDC File [f:/FPGA_Code/7020_AD936X_SDR/AD936X_PL/projects/fmcomms2/zc702/zc702.gen/sources_1/bd/system/ip/xilinx/common/up_clock_mon_constr.xdc] for cell 'i_system_wrapper/system_i/axi_ad9361/inst'
Parsing XDC File [f:/FPGA_Code/7020_AD936X_SDR/AD936X_PL/projects/fmcomms2/zc702/zc702.gen/sources_1/bd/system/ip/system_axi_ad9361_0/axi_ad9361_constr.xdc] for cell 'i_system_wrapper/system_i/axi_ad9361/inst'
Finished Parsing XDC File [f:/FPGA_Code/7020_AD936X_SDR/AD936X_PL/projects/fmcomms2/zc702/zc702.gen/sources_1/bd/system/ip/system_axi_ad9361_0/axi_ad9361_constr.xdc] for cell 'i_system_wrapper/system_i/axi_ad9361/inst'
Parsing XDC File [f:/FPGA_Code/7020_AD936X_SDR/AD936X_PL/projects/fmcomms2/zc702/zc702.gen/sources_1/bd/system/ip/system_axi_ad9361_dac_fifo_0/util_rfifo_constr.xdc] for cell 'i_system_wrapper/system_i/axi_ad9361_dac_fifo/inst'
Finished Parsing XDC File [f:/FPGA_Code/7020_AD936X_SDR/AD936X_PL/projects/fmcomms2/zc702/zc702.gen/sources_1/bd/system/ip/system_axi_ad9361_dac_fifo_0/util_rfifo_constr.xdc] for cell 'i_system_wrapper/system_i/axi_ad9361_dac_fifo/inst'
Parsing XDC File [f:/FPGA_Code/7020_AD936X_SDR/AD936X_PL/projects/fmcomms2/zc702/zc702.gen/sources_1/bd/system/ip/system_axi_hp1_interconnect_0/bd_0/ip/ip_1/bd_31bd_psr_aclk_0_board.xdc] for cell 'i_system_wrapper/system_i/axi_hp1_interconnect/inst/clk_map/psr_aclk/U0'
Finished Parsing XDC File [f:/FPGA_Code/7020_AD936X_SDR/AD936X_PL/projects/fmcomms2/zc702/zc702.gen/sources_1/bd/system/ip/system_axi_hp1_interconnect_0/bd_0/ip/ip_1/bd_31bd_psr_aclk_0_board.xdc] for cell 'i_system_wrapper/system_i/axi_hp1_interconnect/inst/clk_map/psr_aclk/U0'
Parsing XDC File [f:/FPGA_Code/7020_AD936X_SDR/AD936X_PL/projects/fmcomms2/zc702/zc702.gen/sources_1/bd/system/ip/system_axi_hp1_interconnect_0/bd_0/ip/ip_1/bd_31bd_psr_aclk_0.xdc] for cell 'i_system_wrapper/system_i/axi_hp1_interconnect/inst/clk_map/psr_aclk/U0'
Finished Parsing XDC File [f:/FPGA_Code/7020_AD936X_SDR/AD936X_PL/projects/fmcomms2/zc702/zc702.gen/sources_1/bd/system/ip/system_axi_hp1_interconnect_0/bd_0/ip/ip_1/bd_31bd_psr_aclk_0.xdc] for cell 'i_system_wrapper/system_i/axi_hp1_interconnect/inst/clk_map/psr_aclk/U0'
Parsing XDC File [f:/FPGA_Code/7020_AD936X_SDR/AD936X_PL/projects/fmcomms2/zc702/zc702.gen/sources_1/bd/system/ip/system_axi_hp2_interconnect_0/bd_0/ip/ip_1/bd_c0fd_psr_aclk_0_board.xdc] for cell 'i_system_wrapper/system_i/axi_hp2_interconnect/inst/clk_map/psr_aclk/U0'
Finished Parsing XDC File [f:/FPGA_Code/7020_AD936X_SDR/AD936X_PL/projects/fmcomms2/zc702/zc702.gen/sources_1/bd/system/ip/system_axi_hp2_interconnect_0/bd_0/ip/ip_1/bd_c0fd_psr_aclk_0_board.xdc] for cell 'i_system_wrapper/system_i/axi_hp2_interconnect/inst/clk_map/psr_aclk/U0'
Parsing XDC File [f:/FPGA_Code/7020_AD936X_SDR/AD936X_PL/projects/fmcomms2/zc702/zc702.gen/sources_1/bd/system/ip/system_axi_hp2_interconnect_0/bd_0/ip/ip_1/bd_c0fd_psr_aclk_0.xdc] for cell 'i_system_wrapper/system_i/axi_hp2_interconnect/inst/clk_map/psr_aclk/U0'
Finished Parsing XDC File [f:/FPGA_Code/7020_AD936X_SDR/AD936X_PL/projects/fmcomms2/zc702/zc702.gen/sources_1/bd/system/ip/system_axi_hp2_interconnect_0/bd_0/ip/ip_1/bd_c0fd_psr_aclk_0.xdc] for cell 'i_system_wrapper/system_i/axi_hp2_interconnect/inst/clk_map/psr_aclk/U0'
Parsing XDC File [f:/FPGA_Code/7020_AD936X_SDR/AD936X_PL/projects/fmcomms2/zc702/zc702.gen/sources_1/bd/system/ip/system_sys_200m_rstgen_0/system_sys_200m_rstgen_0_board.xdc] for cell 'i_system_wrapper/system_i/sys_200m_rstgen/U0'
Finished Parsing XDC File [f:/FPGA_Code/7020_AD936X_SDR/AD936X_PL/projects/fmcomms2/zc702/zc702.gen/sources_1/bd/system/ip/system_sys_200m_rstgen_0/system_sys_200m_rstgen_0_board.xdc] for cell 'i_system_wrapper/system_i/sys_200m_rstgen/U0'
Parsing XDC File [f:/FPGA_Code/7020_AD936X_SDR/AD936X_PL/projects/fmcomms2/zc702/zc702.gen/sources_1/bd/system/ip/system_sys_200m_rstgen_0/system_sys_200m_rstgen_0.xdc] for cell 'i_system_wrapper/system_i/sys_200m_rstgen/U0'
Finished Parsing XDC File [f:/FPGA_Code/7020_AD936X_SDR/AD936X_PL/projects/fmcomms2/zc702/zc702.gen/sources_1/bd/system/ip/system_sys_200m_rstgen_0/system_sys_200m_rstgen_0.xdc] for cell 'i_system_wrapper/system_i/sys_200m_rstgen/U0'
Parsing XDC File [f:/FPGA_Code/7020_AD936X_SDR/AD936X_PL/projects/fmcomms2/zc702/zc702.gen/sources_1/bd/system/ip/system_sys_ps7_0/system_sys_ps7_0.xdc] for cell 'i_system_wrapper/system_i/sys_ps7/inst'
Finished Parsing XDC File [f:/FPGA_Code/7020_AD936X_SDR/AD936X_PL/projects/fmcomms2/zc702/zc702.gen/sources_1/bd/system/ip/system_sys_ps7_0/system_sys_ps7_0.xdc] for cell 'i_system_wrapper/system_i/sys_ps7/inst'
Parsing XDC File [f:/FPGA_Code/7020_AD936X_SDR/AD936X_PL/projects/fmcomms2/zc702/zc702.gen/sources_1/bd/system/ip/system_sys_rstgen_0/system_sys_rstgen_0_board.xdc] for cell 'i_system_wrapper/system_i/sys_rstgen/U0'
Finished Parsing XDC File [f:/FPGA_Code/7020_AD936X_SDR/AD936X_PL/projects/fmcomms2/zc702/zc702.gen/sources_1/bd/system/ip/system_sys_rstgen_0/system_sys_rstgen_0_board.xdc] for cell 'i_system_wrapper/system_i/sys_rstgen/U0'
Parsing XDC File [f:/FPGA_Code/7020_AD936X_SDR/AD936X_PL/projects/fmcomms2/zc702/zc702.gen/sources_1/bd/system/ip/system_sys_rstgen_0/system_sys_rstgen_0.xdc] for cell 'i_system_wrapper/system_i/sys_rstgen/U0'
Finished Parsing XDC File [f:/FPGA_Code/7020_AD936X_SDR/AD936X_PL/projects/fmcomms2/zc702/zc702.gen/sources_1/bd/system/ip/system_sys_rstgen_0/system_sys_rstgen_0.xdc] for cell 'i_system_wrapper/system_i/sys_rstgen/U0'
Parsing XDC File [f:/FPGA_Code/7020_AD936X_SDR/AD936X_PL/projects/fmcomms2/zc702/zc702.gen/sources_1/bd/system/ip/system_util_ad9361_adc_fifo_0/util_wfifo_constr.xdc] for cell 'i_system_wrapper/system_i/util_ad9361_adc_fifo/inst'
Finished Parsing XDC File [f:/FPGA_Code/7020_AD936X_SDR/AD936X_PL/projects/fmcomms2/zc702/zc702.gen/sources_1/bd/system/ip/system_util_ad9361_adc_fifo_0/util_wfifo_constr.xdc] for cell 'i_system_wrapper/system_i/util_ad9361_adc_fifo/inst'
Parsing XDC File [f:/FPGA_Code/7020_AD936X_SDR/AD936X_PL/projects/fmcomms2/zc702/zc702.gen/sources_1/bd/system/ip/system_util_ad9361_divclk_reset_0/system_util_ad9361_divclk_reset_0_board.xdc] for cell 'i_system_wrapper/system_i/util_ad9361_divclk_reset/U0'
Finished Parsing XDC File [f:/FPGA_Code/7020_AD936X_SDR/AD936X_PL/projects/fmcomms2/zc702/zc702.gen/sources_1/bd/system/ip/system_util_ad9361_divclk_reset_0/system_util_ad9361_divclk_reset_0_board.xdc] for cell 'i_system_wrapper/system_i/util_ad9361_divclk_reset/U0'
Parsing XDC File [f:/FPGA_Code/7020_AD936X_SDR/AD936X_PL/projects/fmcomms2/zc702/zc702.gen/sources_1/bd/system/ip/system_util_ad9361_divclk_reset_0/system_util_ad9361_divclk_reset_0.xdc] for cell 'i_system_wrapper/system_i/util_ad9361_divclk_reset/U0'
Finished Parsing XDC File [f:/FPGA_Code/7020_AD936X_SDR/AD936X_PL/projects/fmcomms2/zc702/zc702.gen/sources_1/bd/system/ip/system_util_ad9361_divclk_reset_0/system_util_ad9361_divclk_reset_0.xdc] for cell 'i_system_wrapper/system_i/util_ad9361_divclk_reset/U0'
Parsing XDC File [f:/FPGA_Code/7020_AD936X_SDR/AD936X_PL/projects/fmcomms2/zc702/zc702.gen/sources_1/bd/system/ip/system_util_ad9361_tdd_sync_0/util_tdd_sync_constr.xdc] for cell 'i_system_wrapper/system_i/util_ad9361_tdd_sync/inst'
Finished Parsing XDC File [f:/FPGA_Code/7020_AD936X_SDR/AD936X_PL/projects/fmcomms2/zc702/zc702.gen/sources_1/bd/system/ip/system_util_ad9361_tdd_sync_0/util_tdd_sync_constr.xdc] for cell 'i_system_wrapper/system_i/util_ad9361_tdd_sync/inst'
Parsing XDC File [F:/FPGA_Code/7020_AD936X_SDR/AD936X_PL/projects/fmcomms2/zc702/zc702.srcs/constrs_1/imports/projects/fmcomms2/zc702/system_constr.xdc]
Finished Parsing XDC File [F:/FPGA_Code/7020_AD936X_SDR/AD936X_PL/projects/fmcomms2/zc702/zc702.srcs/constrs_1/imports/projects/fmcomms2/zc702/system_constr.xdc]
Parsing XDC File [F:/FPGA_Code/7020_AD936X_SDR/AD936X_PL/projects/fmcomms2/zc702/zc702.srcs/constrs_1/imports/projects/common/zc702/zc702_system_constr.xdc]
WARNING: [Vivado 12-584] No ports matched 'hdmi_out_clk'. [F:/FPGA_Code/7020_AD936X_SDR/AD936X_PL/projects/fmcomms2/zc702/zc702.srcs/constrs_1/imports/projects/common/zc702/zc702_system_constr.xdc:5]
CRITICAL WARNING: [Common 17-55] 'set_property' expects at least one object. [F:/FPGA_Code/7020_AD936X_SDR/AD936X_PL/projects/fmcomms2/zc702/zc702.srcs/constrs_1/imports/projects/common/zc702/zc702_system_constr.xdc:5]
Resolution: If [get_<value>] was used to populate the object, check to make sure this command returns at least one valid object.
WARNING: [Vivado 12-584] No ports matched 'hdmi_vsync'. [F:/FPGA_Code/7020_AD936X_SDR/AD936X_PL/projects/fmcomms2/zc702/zc702.srcs/constrs_1/imports/projects/common/zc702/zc702_system_constr.xdc:6]
CRITICAL WARNING: [Common 17-55] 'set_property' expects at least one object. [F:/FPGA_Code/7020_AD936X_SDR/AD936X_PL/projects/fmcomms2/zc702/zc702.srcs/constrs_1/imports/projects/common/zc702/zc702_system_constr.xdc:6]
Resolution: If [get_<value>] was used to populate the object, check to make sure this command returns at least one valid object.
WARNING: [Vivado 12-584] No ports matched 'hdmi_hsync'. [F:/FPGA_Code/7020_AD936X_SDR/AD936X_PL/projects/fmcomms2/zc702/zc702.srcs/constrs_1/imports/projects/common/zc702/zc702_system_constr.xdc:7]
CRITICAL WARNING: [Common 17-55] 'set_property' expects at least one object. [F:/FPGA_Code/7020_AD936X_SDR/AD936X_PL/projects/fmcomms2/zc702/zc702.srcs/constrs_1/imports/projects/common/zc702/zc702_system_constr.xdc:7]
Resolution: If [get_<value>] was used to populate the object, check to make sure this command returns at least one valid object.
WARNING: [Vivado 12-584] No ports matched 'hdmi_data_e'. [F:/FPGA_Code/7020_AD936X_SDR/AD936X_PL/projects/fmcomms2/zc702/zc702.srcs/constrs_1/imports/projects/common/zc702/zc702_system_constr.xdc:8]
CRITICAL WARNING: [Common 17-55] 'set_property' expects at least one object. [F:/FPGA_Code/7020_AD936X_SDR/AD936X_PL/projects/fmcomms2/zc702/zc702.srcs/constrs_1/imports/projects/common/zc702/zc702_system_constr.xdc:8]
Resolution: If [get_<value>] was used to populate the object, check to make sure this command returns at least one valid object.
WARNING: [Vivado 12-584] No ports matched 'hdmi_data[0]'. [F:/FPGA_Code/7020_AD936X_SDR/AD936X_PL/projects/fmcomms2/zc702/zc702.srcs/constrs_1/imports/projects/common/zc702/zc702_system_constr.xdc:9]
CRITICAL WARNING: [Common 17-55] 'set_property' expects at least one object. [F:/FPGA_Code/7020_AD936X_SDR/AD936X_PL/projects/fmcomms2/zc702/zc702.srcs/constrs_1/imports/projects/common/zc702/zc702_system_constr.xdc:9]
Resolution: If [get_<value>] was used to populate the object, check to make sure this command returns at least one valid object.
WARNING: [Vivado 12-584] No ports matched 'hdmi_data[1]'. [F:/FPGA_Code/7020_AD936X_SDR/AD936X_PL/projects/fmcomms2/zc702/zc702.srcs/constrs_1/imports/projects/common/zc702/zc702_system_constr.xdc:10]
CRITICAL WARNING: [Common 17-55] 'set_property' expects at least one object. [F:/FPGA_Code/7020_AD936X_SDR/AD936X_PL/projects/fmcomms2/zc702/zc702.srcs/constrs_1/imports/projects/common/zc702/zc702_system_constr.xdc:10]
Resolution: If [get_<value>] was used to populate the object, check to make sure this command returns at least one valid object.
WARNING: [Vivado 12-584] No ports matched 'hdmi_data[2]'. [F:/FPGA_Code/7020_AD936X_SDR/AD936X_PL/projects/fmcomms2/zc702/zc702.srcs/constrs_1/imports/projects/common/zc702/zc702_system_constr.xdc:11]
CRITICAL WARNING: [Common 17-55] 'set_property' expects at least one object. [F:/FPGA_Code/7020_AD936X_SDR/AD936X_PL/projects/fmcomms2/zc702/zc702.srcs/constrs_1/imports/projects/common/zc702/zc702_system_constr.xdc:11]
Resolution: If [get_<value>] was used to populate the object, check to make sure this command returns at least one valid object.
WARNING: [Vivado 12-584] No ports matched 'hdmi_data[3]'. [F:/FPGA_Code/7020_AD936X_SDR/AD936X_PL/projects/fmcomms2/zc702/zc702.srcs/constrs_1/imports/projects/common/zc702/zc702_system_constr.xdc:12]
CRITICAL WARNING: [Common 17-55] 'set_property' expects at least one object. [F:/FPGA_Code/7020_AD936X_SDR/AD936X_PL/projects/fmcomms2/zc702/zc702.srcs/constrs_1/imports/projects/common/zc702/zc702_system_constr.xdc:12]
Resolution: If [get_<value>] was used to populate the object, check to make sure this command returns at least one valid object.
WARNING: [Vivado 12-584] No ports matched 'hdmi_data[4]'. [F:/FPGA_Code/7020_AD936X_SDR/AD936X_PL/projects/fmcomms2/zc702/zc702.srcs/constrs_1/imports/projects/common/zc702/zc702_system_constr.xdc:13]
CRITICAL WARNING: [Common 17-55] 'set_property' expects at least one object. [F:/FPGA_Code/7020_AD936X_SDR/AD936X_PL/projects/fmcomms2/zc702/zc702.srcs/constrs_1/imports/projects/common/zc702/zc702_system_constr.xdc:13]
Resolution: If [get_<value>] was used to populate the object, check to make sure this command returns at least one valid object.
WARNING: [Vivado 12-584] No ports matched 'hdmi_data[5]'. [F:/FPGA_Code/7020_AD936X_SDR/AD936X_PL/projects/fmcomms2/zc702/zc702.srcs/constrs_1/imports/projects/common/zc702/zc702_system_constr.xdc:14]
CRITICAL WARNING: [Common 17-55] 'set_property' expects at least one object. [F:/FPGA_Code/7020_AD936X_SDR/AD936X_PL/projects/fmcomms2/zc702/zc702.srcs/constrs_1/imports/projects/common/zc702/zc702_system_constr.xdc:14]
Resolution: If [get_<value>] was used to populate the object, check to make sure this command returns at least one valid object.
WARNING: [Vivado 12-584] No ports matched 'hdmi_data[6]'. [F:/FPGA_Code/7020_AD936X_SDR/AD936X_PL/projects/fmcomms2/zc702/zc702.srcs/constrs_1/imports/projects/common/zc702/zc702_system_constr.xdc:15]
CRITICAL WARNING: [Common 17-55] 'set_property' expects at least one object. [F:/FPGA_Code/7020_AD936X_SDR/AD936X_PL/projects/fmcomms2/zc702/zc702.srcs/constrs_1/imports/projects/common/zc702/zc702_system_constr.xdc:15]
Resolution: If [get_<value>] was used to populate the object, check to make sure this command returns at least one valid object.
WARNING: [Vivado 12-584] No ports matched 'hdmi_data[7]'. [F:/FPGA_Code/7020_AD936X_SDR/AD936X_PL/projects/fmcomms2/zc702/zc702.srcs/constrs_1/imports/projects/common/zc702/zc702_system_constr.xdc:16]
CRITICAL WARNING: [Common 17-55] 'set_property' expects at least one object. [F:/FPGA_Code/7020_AD936X_SDR/AD936X_PL/projects/fmcomms2/zc702/zc702.srcs/constrs_1/imports/projects/common/zc702/zc702_system_constr.xdc:16]
Resolution: If [get_<value>] was used to populate the object, check to make sure this command returns at least one valid object.
WARNING: [Vivado 12-584] No ports matched 'hdmi_data[8]'. [F:/FPGA_Code/7020_AD936X_SDR/AD936X_PL/projects/fmcomms2/zc702/zc702.srcs/constrs_1/imports/projects/common/zc702/zc702_system_constr.xdc:17]
CRITICAL WARNING: [Common 17-55] 'set_property' expects at least one object. [F:/FPGA_Code/7020_AD936X_SDR/AD936X_PL/projects/fmcomms2/zc702/zc702.srcs/constrs_1/imports/projects/common/zc702/zc702_system_constr.xdc:17]
Resolution: If [get_<value>] was used to populate the object, check to make sure this command returns at least one valid object.
WARNING: [Vivado 12-584] No ports matched 'hdmi_data[9]'. [F:/FPGA_Code/7020_AD936X_SDR/AD936X_PL/projects/fmcomms2/zc702/zc702.srcs/constrs_1/imports/projects/common/zc702/zc702_system_constr.xdc:18]
CRITICAL WARNING: [Common 17-55] 'set_property' expects at least one object. [F:/FPGA_Code/7020_AD936X_SDR/AD936X_PL/projects/fmcomms2/zc702/zc702.srcs/constrs_1/imports/projects/common/zc702/zc702_system_constr.xdc:18]
Resolution: If [get_<value>] was used to populate the object, check to make sure this command returns at least one valid object.
WARNING: [Vivado 12-584] No ports matched 'hdmi_data[10]'. [F:/FPGA_Code/7020_AD936X_SDR/AD936X_PL/projects/fmcomms2/zc702/zc702.srcs/constrs_1/imports/projects/common/zc702/zc702_system_constr.xdc:19]
CRITICAL WARNING: [Common 17-55] 'set_property' expects at least one object. [F:/FPGA_Code/7020_AD936X_SDR/AD936X_PL/projects/fmcomms2/zc702/zc702.srcs/constrs_1/imports/projects/common/zc702/zc702_system_constr.xdc:19]
Resolution: If [get_<value>] was used to populate the object, check to make sure this command returns at least one valid object.
WARNING: [Vivado 12-584] No ports matched 'hdmi_data[11]'. [F:/FPGA_Code/7020_AD936X_SDR/AD936X_PL/projects/fmcomms2/zc702/zc702.srcs/constrs_1/imports/projects/common/zc702/zc702_system_constr.xdc:20]
CRITICAL WARNING: [Common 17-55] 'set_property' expects at least one object. [F:/FPGA_Code/7020_AD936X_SDR/AD936X_PL/projects/fmcomms2/zc702/zc702.srcs/constrs_1/imports/projects/common/zc702/zc702_system_constr.xdc:20]
Resolution: If [get_<value>] was used to populate the object, check to make sure this command returns at least one valid object.
WARNING: [Vivado 12-584] No ports matched 'hdmi_data[12]'. [F:/FPGA_Code/7020_AD936X_SDR/AD936X_PL/projects/fmcomms2/zc702/zc702.srcs/constrs_1/imports/projects/common/zc702/zc702_system_constr.xdc:21]
CRITICAL WARNING: [Common 17-55] 'set_property' expects at least one object. [F:/FPGA_Code/7020_AD936X_SDR/AD936X_PL/projects/fmcomms2/zc702/zc702.srcs/constrs_1/imports/projects/common/zc702/zc702_system_constr.xdc:21]
Resolution: If [get_<value>] was used to populate the object, check to make sure this command returns at least one valid object.
WARNING: [Vivado 12-584] No ports matched 'hdmi_data[13]'. [F:/FPGA_Code/7020_AD936X_SDR/AD936X_PL/projects/fmcomms2/zc702/zc702.srcs/constrs_1/imports/projects/common/zc702/zc702_system_constr.xdc:22]
CRITICAL WARNING: [Common 17-55] 'set_property' expects at least one object. [F:/FPGA_Code/7020_AD936X_SDR/AD936X_PL/projects/fmcomms2/zc702/zc702.srcs/constrs_1/imports/projects/common/zc702/zc702_system_constr.xdc:22]
Resolution: If [get_<value>] was used to populate the object, check to make sure this command returns at least one valid object.
WARNING: [Vivado 12-584] No ports matched 'hdmi_data[14]'. [F:/FPGA_Code/7020_AD936X_SDR/AD936X_PL/projects/fmcomms2/zc702/zc702.srcs/constrs_1/imports/projects/common/zc702/zc702_system_constr.xdc:23]
CRITICAL WARNING: [Common 17-55] 'set_property' expects at least one object. [F:/FPGA_Code/7020_AD936X_SDR/AD936X_PL/projects/fmcomms2/zc702/zc702.srcs/constrs_1/imports/projects/common/zc702/zc702_system_constr.xdc:23]
Resolution: If [get_<value>] was used to populate the object, check to make sure this command returns at least one valid object.
WARNING: [Vivado 12-584] No ports matched 'hdmi_data[15]'. [F:/FPGA_Code/7020_AD936X_SDR/AD936X_PL/projects/fmcomms2/zc702/zc702.srcs/constrs_1/imports/projects/common/zc702/zc702_system_constr.xdc:24]
CRITICAL WARNING: [Common 17-55] 'set_property' expects at least one object. [F:/FPGA_Code/7020_AD936X_SDR/AD936X_PL/projects/fmcomms2/zc702/zc702.srcs/constrs_1/imports/projects/common/zc702/zc702_system_constr.xdc:24]
Resolution: If [get_<value>] was used to populate the object, check to make sure this command returns at least one valid object.
WARNING: [Vivado 12-584] No ports matched 'spdif'. [F:/FPGA_Code/7020_AD936X_SDR/AD936X_PL/projects/fmcomms2/zc702/zc702.srcs/constrs_1/imports/projects/common/zc702/zc702_system_constr.xdc:28]
CRITICAL WARNING: [Common 17-55] 'set_property' expects at least one object. [F:/FPGA_Code/7020_AD936X_SDR/AD936X_PL/projects/fmcomms2/zc702/zc702.srcs/constrs_1/imports/projects/common/zc702/zc702_system_constr.xdc:28]
Resolution: If [get_<value>] was used to populate the object, check to make sure this command returns at least one valid object.
WARNING: [Vivado 12-584] No ports matched 'iic_scl'. [F:/FPGA_Code/7020_AD936X_SDR/AD936X_PL/projects/fmcomms2/zc702/zc702.srcs/constrs_1/imports/projects/common/zc702/zc702_system_constr.xdc:32]
CRITICAL WARNING: [Common 17-55] 'set_property' expects at least one object. [F:/FPGA_Code/7020_AD936X_SDR/AD936X_PL/projects/fmcomms2/zc702/zc702.srcs/constrs_1/imports/projects/common/zc702/zc702_system_constr.xdc:32]
Resolution: If [get_<value>] was used to populate the object, check to make sure this command returns at least one valid object.
WARNING: [Vivado 12-584] No ports matched 'iic_scl'. [F:/FPGA_Code/7020_AD936X_SDR/AD936X_PL/projects/fmcomms2/zc702/zc702.srcs/constrs_1/imports/projects/common/zc702/zc702_system_constr.xdc:33]
CRITICAL WARNING: [Common 17-55] 'set_property' expects at least one object. [F:/FPGA_Code/7020_AD936X_SDR/AD936X_PL/projects/fmcomms2/zc702/zc702.srcs/constrs_1/imports/projects/common/zc702/zc702_system_constr.xdc:33]
Resolution: If [get_<value>] was used to populate the object, check to make sure this command returns at least one valid object.
WARNING: [Vivado 12-584] No ports matched 'iic_scl'. [F:/FPGA_Code/7020_AD936X_SDR/AD936X_PL/projects/fmcomms2/zc702/zc702.srcs/constrs_1/imports/projects/common/zc702/zc702_system_constr.xdc:34]
CRITICAL WARNING: [Common 17-55] 'set_property' expects at least one object. [F:/FPGA_Code/7020_AD936X_SDR/AD936X_PL/projects/fmcomms2/zc702/zc702.srcs/constrs_1/imports/projects/common/zc702/zc702_system_constr.xdc:34]
Resolution: If [get_<value>] was used to populate the object, check to make sure this command returns at least one valid object.
WARNING: [Vivado 12-584] No ports matched 'iic_sda'. [F:/FPGA_Code/7020_AD936X_SDR/AD936X_PL/projects/fmcomms2/zc702/zc702.srcs/constrs_1/imports/projects/common/zc702/zc702_system_constr.xdc:35]
CRITICAL WARNING: [Common 17-55] 'set_property' expects at least one object. [F:/FPGA_Code/7020_AD936X_SDR/AD936X_PL/projects/fmcomms2/zc702/zc702.srcs/constrs_1/imports/projects/common/zc702/zc702_system_constr.xdc:35]
Resolution: If [get_<value>] was used to populate the object, check to make sure this command returns at least one valid object.
WARNING: [Vivado 12-584] No ports matched 'iic_sda'. [F:/FPGA_Code/7020_AD936X_SDR/AD936X_PL/projects/fmcomms2/zc702/zc702.srcs/constrs_1/imports/projects/common/zc702/zc702_system_constr.xdc:36]
CRITICAL WARNING: [Common 17-55] 'set_property' expects at least one object. [F:/FPGA_Code/7020_AD936X_SDR/AD936X_PL/projects/fmcomms2/zc702/zc702.srcs/constrs_1/imports/projects/common/zc702/zc702_system_constr.xdc:36]
Resolution: If [get_<value>] was used to populate the object, check to make sure this command returns at least one valid object.
WARNING: [Vivado 12-584] No ports matched 'iic_sda'. [F:/FPGA_Code/7020_AD936X_SDR/AD936X_PL/projects/fmcomms2/zc702/zc702.srcs/constrs_1/imports/projects/common/zc702/zc702_system_constr.xdc:37]
CRITICAL WARNING: [Common 17-55] 'set_property' expects at least one object. [F:/FPGA_Code/7020_AD936X_SDR/AD936X_PL/projects/fmcomms2/zc702/zc702.srcs/constrs_1/imports/projects/common/zc702/zc702_system_constr.xdc:37]
Resolution: If [get_<value>] was used to populate the object, check to make sure this command returns at least one valid object.
WARNING: [Vivado 12-584] No ports matched 'gpio_bd[0]'. [F:/FPGA_Code/7020_AD936X_SDR/AD936X_PL/projects/fmcomms2/zc702/zc702.srcs/constrs_1/imports/projects/common/zc702/zc702_system_constr.xdc:41]
CRITICAL WARNING: [Common 17-55] 'set_property' expects at least one object. [F:/FPGA_Code/7020_AD936X_SDR/AD936X_PL/projects/fmcomms2/zc702/zc702.srcs/constrs_1/imports/projects/common/zc702/zc702_system_constr.xdc:41]
Resolution: If [get_<value>] was used to populate the object, check to make sure this command returns at least one valid object.
WARNING: [Vivado 12-584] No ports matched 'gpio_bd[1]'. [F:/FPGA_Code/7020_AD936X_SDR/AD936X_PL/projects/fmcomms2/zc702/zc702.srcs/constrs_1/imports/projects/common/zc702/zc702_system_constr.xdc:42]
CRITICAL WARNING: [Common 17-55] 'set_property' expects at least one object. [F:/FPGA_Code/7020_AD936X_SDR/AD936X_PL/projects/fmcomms2/zc702/zc702.srcs/constrs_1/imports/projects/common/zc702/zc702_system_constr.xdc:42]
Resolution: If [get_<value>] was used to populate the object, check to make sure this command returns at least one valid object.
WARNING: [Vivado 12-584] No ports matched 'gpio_bd[2]'. [F:/FPGA_Code/7020_AD936X_SDR/AD936X_PL/projects/fmcomms2/zc702/zc702.srcs/constrs_1/imports/projects/common/zc702/zc702_system_constr.xdc:43]
CRITICAL WARNING: [Common 17-55] 'set_property' expects at least one object. [F:/FPGA_Code/7020_AD936X_SDR/AD936X_PL/projects/fmcomms2/zc702/zc702.srcs/constrs_1/imports/projects/common/zc702/zc702_system_constr.xdc:43]
Resolution: If [get_<value>] was used to populate the object, check to make sure this command returns at least one valid object.
WARNING: [Vivado 12-584] No ports matched 'gpio_bd[3]'. [F:/FPGA_Code/7020_AD936X_SDR/AD936X_PL/projects/fmcomms2/zc702/zc702.srcs/constrs_1/imports/projects/common/zc702/zc702_system_constr.xdc:44]
CRITICAL WARNING: [Common 17-55] 'set_property' expects at least one object. [F:/FPGA_Code/7020_AD936X_SDR/AD936X_PL/projects/fmcomms2/zc702/zc702.srcs/constrs_1/imports/projects/common/zc702/zc702_system_constr.xdc:44]
Resolution: If [get_<value>] was used to populate the object, check to make sure this command returns at least one valid object.
WARNING: [Vivado 12-584] No ports matched 'gpio_bd[4]'. [F:/FPGA_Code/7020_AD936X_SDR/AD936X_PL/projects/fmcomms2/zc702/zc702.srcs/constrs_1/imports/projects/common/zc702/zc702_system_constr.xdc:45]
CRITICAL WARNING: [Common 17-55] 'set_property' expects at least one object. [F:/FPGA_Code/7020_AD936X_SDR/AD936X_PL/projects/fmcomms2/zc702/zc702.srcs/constrs_1/imports/projects/common/zc702/zc702_system_constr.xdc:45]
Resolution: If [get_<value>] was used to populate the object, check to make sure this command returns at least one valid object.
WARNING: [Vivado 12-584] No ports matched 'gpio_bd[5]'. [F:/FPGA_Code/7020_AD936X_SDR/AD936X_PL/projects/fmcomms2/zc702/zc702.srcs/constrs_1/imports/projects/common/zc702/zc702_system_constr.xdc:46]
CRITICAL WARNING: [Common 17-55] 'set_property' expects at least one object. [F:/FPGA_Code/7020_AD936X_SDR/AD936X_PL/projects/fmcomms2/zc702/zc702.srcs/constrs_1/imports/projects/common/zc702/zc702_system_constr.xdc:46]
Resolution: If [get_<value>] was used to populate the object, check to make sure this command returns at least one valid object.
WARNING: [Vivado 12-584] No ports matched 'gpio_bd[6]'. [F:/FPGA_Code/7020_AD936X_SDR/AD936X_PL/projects/fmcomms2/zc702/zc702.srcs/constrs_1/imports/projects/common/zc702/zc702_system_constr.xdc:47]
CRITICAL WARNING: [Common 17-55] 'set_property' expects at least one object. [F:/FPGA_Code/7020_AD936X_SDR/AD936X_PL/projects/fmcomms2/zc702/zc702.srcs/constrs_1/imports/projects/common/zc702/zc702_system_constr.xdc:47]
Resolution: If [get_<value>] was used to populate the object, check to make sure this command returns at least one valid object.
WARNING: [Vivado 12-584] No ports matched 'gpio_bd[7]'. [F:/FPGA_Code/7020_AD936X_SDR/AD936X_PL/projects/fmcomms2/zc702/zc702.srcs/constrs_1/imports/projects/common/zc702/zc702_system_constr.xdc:48]
CRITICAL WARNING: [Common 17-55] 'set_property' expects at least one object. [F:/FPGA_Code/7020_AD936X_SDR/AD936X_PL/projects/fmcomms2/zc702/zc702.srcs/constrs_1/imports/projects/common/zc702/zc702_system_constr.xdc:48]
Resolution: If [get_<value>] was used to populate the object, check to make sure this command returns at least one valid object.
Finished Parsing XDC File [F:/FPGA_Code/7020_AD936X_SDR/AD936X_PL/projects/fmcomms2/zc702/zc702.srcs/constrs_1/imports/projects/common/zc702/zc702_system_constr.xdc]
Parsing XDC File [f:/FPGA_Code/7020_AD936X_SDR/AD936X_PL/projects/fmcomms2/zc702/zc702.gen/sources_1/bd/system/ip/system_axi_ad9361_0/system_axi_ad9361_0_pps_constr.xdc] for cell 'i_system_wrapper/system_i/axi_ad9361/inst'
Finished Parsing XDC File [f:/FPGA_Code/7020_AD936X_SDR/AD936X_PL/projects/fmcomms2/zc702/zc702.gen/sources_1/bd/system/ip/system_axi_ad9361_0/system_axi_ad9361_0_pps_constr.xdc] for cell 'i_system_wrapper/system_i/axi_ad9361/inst'
Parsing XDC File [f:/FPGA_Code/7020_AD936X_SDR/AD936X_PL/projects/fmcomms2/zc702/zc702.gen/sources_1/bd/system/ip/system_axi_ad9361_adc_dma_0/system_axi_ad9361_adc_dma_0_constr.xdc] for cell 'i_system_wrapper/system_i/axi_ad9361_adc_dma/inst'
INFO: [Timing 38-35] Done setting XDC timing constraints. [f:/FPGA_Code/7020_AD936X_SDR/AD936X_PL/projects/fmcomms2/zc702/zc702.gen/sources_1/bd/system/ip/system_axi_ad9361_adc_dma_0/system_axi_ad9361_adc_dma_0_constr.xdc:2]
INFO: [Timing 38-2] Deriving generated clocks [f:/FPGA_Code/7020_AD936X_SDR/AD936X_PL/projects/fmcomms2/zc702/zc702.gen/sources_1/bd/system/ip/system_axi_ad9361_adc_dma_0/system_axi_ad9361_adc_dma_0_constr.xdc:2]
get_clocks: Time (s): cpu = 00:00:04 ; elapsed = 00:00:06 . Memory (MB): peak = 1826.082 ; gain = 543.309
Finished Parsing XDC File [f:/FPGA_Code/7020_AD936X_SDR/AD936X_PL/projects/fmcomms2/zc702/zc702.gen/sources_1/bd/system/ip/system_axi_ad9361_adc_dma_0/system_axi_ad9361_adc_dma_0_constr.xdc] for cell 'i_system_wrapper/system_i/axi_ad9361_adc_dma/inst'
Parsing XDC File [f:/FPGA_Code/7020_AD936X_SDR/AD936X_PL/projects/fmcomms2/zc702/zc702.gen/sources_1/bd/system/ip/system_axi_ad9361_dac_dma_0/system_axi_ad9361_dac_dma_0_constr.xdc] for cell 'i_system_wrapper/system_i/axi_ad9361_dac_dma/inst'
Finished Parsing XDC File [f:/FPGA_Code/7020_AD936X_SDR/AD936X_PL/projects/fmcomms2/zc702/zc702.gen/sources_1/bd/system/ip/system_axi_ad9361_dac_dma_0/system_axi_ad9361_dac_dma_0_constr.xdc] for cell 'i_system_wrapper/system_i/axi_ad9361_dac_dma/inst'
Parsing XDC File [f:/FPGA_Code/7020_AD936X_SDR/AD936X_PL/projects/fmcomms2/zc702/zc702.gen/sources_1/bd/system/ip/system_util_ad9361_divclk_0/util_clkdiv_constr.xdc] for cell 'i_system_wrapper/system_i/util_ad9361_divclk/inst'
Finished Parsing XDC File [f:/FPGA_Code/7020_AD936X_SDR/AD936X_PL/projects/fmcomms2/zc702/zc702.gen/sources_1/bd/system/ip/system_util_ad9361_divclk_0/util_clkdiv_constr.xdc] for cell 'i_system_wrapper/system_i/util_ad9361_divclk/inst'
INFO: [Project 1-1714] 23 XPM XDC files have been applied to the design.
INFO: [Opt 31-138] Pushed 0 inverter(s) to 0 load pin(s).
Netlist sorting complete. Time (s): cpu = 00:00:00 ; elapsed = 00:00:00.010 . Memory (MB): peak = 1826.082 ; gain = 0.000
INFO: [Project 1-111] Unisim Transformation Summary:
  A total of 96 instances were transformed.
  IOBUF => IOBUF (IBUF, OBUFT): 15 instances
  OBUFDS => OBUFDS: 8 instances
  RAM16X1D => RAM32X1D (RAMD32(x2)): 6 instances
  RAM32M => RAM32M (RAMD32(x6), RAMS32(x2)): 61 instances
  RAM32X1D => RAM32X1D (RAMD32(x2)): 6 instances

34 Infos, 36 Warnings, 35 Critical Warnings and 0 Errors encountered.
link_design completed successfully
link_design: Time (s): cpu = 00:00:10 ; elapsed = 00:00:20 . Memory (MB): peak = 1826.082 ; gain = 543.309
Command: opt_design -directive Explore
INFO: [Vivado_Tcl 4-136] Directive used for opt_design is: Explore
Attempting to get a license for feature 'Implementation' and/or device 'xc7z020'
INFO: [Common 17-349] Got license for feature 'Implementation' and/or device 'xc7z020'
Running DRC as a precondition to command opt_design

Starting DRC Task
INFO: [DRC 23-27] Running DRC with 2 threads
INFO: [Project 1-461] DRC finished with 0 Errors
INFO: [Project 1-462] Please refer to the DRC report (report_drc) for more information.

Time (s): cpu = 00:00:01 ; elapsed = 00:00:00.609 . Memory (MB): peak = 1826.082 ; gain = 0.000

Starting Cache Timing Information Task
INFO: [Timing 38-35] Done setting XDC timing constraints.
Ending Cache Timing Information Task | Checksum: 106b72aaa

Time (s): cpu = 00:00:01 ; elapsed = 00:00:01 . Memory (MB): peak = 1826.082 ; gain = 0.000

Starting Logic Optimization Task

Phase 1 Retarget
INFO: [Opt 31-138] Pushed 11 inverter(s) to 68 load pin(s).
INFO: [Opt 31-49] Retargeted 0 cell(s).
Phase 1 Retarget | Checksum: 168d24eb6

Time (s): cpu = 00:00:01 ; elapsed = 00:00:01 . Memory (MB): peak = 2012.672 ; gain = 1.246
INFO: [Opt 31-389] Phase Retarget created 543 cells and removed 2119 cells
INFO: [Opt 31-1021] In phase Retarget, 16 netlist objects are constrained preventing optimization. Please run opt_design with -debug_log to get more detail. 

Phase 2 Constant propagation
INFO: [Opt 31-138] Pushed 7 inverter(s) to 9 load pin(s).
Phase 2 Constant propagation | Checksum: 20589c412

Time (s): cpu = 00:00:01 ; elapsed = 00:00:02 . Memory (MB): peak = 2012.672 ; gain = 1.246
INFO: [Opt 31-389] Phase Constant propagation created 1493 cells and removed 3051 cells
INFO: [Opt 31-1021] In phase Constant propagation, 20 netlist objects are constrained preventing optimization. Please run opt_design with -debug_log to get more detail. 

Phase 3 Sweep
Phase 3 Sweep | Checksum: 1562054c3

Time (s): cpu = 00:00:01 ; elapsed = 00:00:03 . Memory (MB): peak = 2012.672 ; gain = 1.246
INFO: [Opt 31-389] Phase Sweep created 0 cells and removed 1590 cells
INFO: [Opt 31-1021] In phase Sweep, 25 netlist objects are constrained preventing optimization. Please run opt_design with -debug_log to get more detail. 

Phase 4 BUFG optimization
Phase 4 BUFG optimization | Checksum: 1562054c3

Time (s): cpu = 00:00:02 ; elapsed = 00:00:03 . Memory (MB): peak = 2012.672 ; gain = 1.246
INFO: [Opt 31-662] Phase BUFG optimization created 0 cells of which 0 are BUFGs and removed 0 cells.

Phase 5 Shift Register Optimization
INFO: [Opt 31-1064] SRL Remap converted 0 SRLs to 0 registers and converted 0 registers of register chains to 0 SRLs
Phase 5 Shift Register Optimization | Checksum: 1562054c3

Time (s): cpu = 00:00:02 ; elapsed = 00:00:03 . Memory (MB): peak = 2012.672 ; gain = 1.246
INFO: [Opt 31-389] Phase Shift Register Optimization created 0 cells and removed 0 cells

Phase 6 Post Processing Netlist
Phase 6 Post Processing Netlist | Checksum: 1562054c3

Time (s): cpu = 00:00:02 ; elapsed = 00:00:03 . Memory (MB): peak = 2012.672 ; gain = 1.246
INFO: [Opt 31-389] Phase Post Processing Netlist created 0 cells and removed 0 cells
INFO: [Opt 31-1021] In phase Post Processing Netlist, 15 netlist objects are constrained preventing optimization. Please run opt_design with -debug_log to get more detail. 
Opt_design Change Summary
=========================


-------------------------------------------------------------------------------------------------------------------------
|  Phase                        |  #Cells created  |  #Cells Removed  |  #Constrained objects preventing optimizations  |
-------------------------------------------------------------------------------------------------------------------------
|  Retarget                     |             543  |            2119  |                                             16  |
|  Constant propagation         |            1493  |            3051  |                                             20  |
|  Sweep                        |               0  |            1590  |                                             25  |
|  BUFG optimization            |               0  |               0  |                                              0  |
|  Shift Register Optimization  |               0  |               0  |                                              0  |
|  Post Processing Netlist      |               0  |               0  |                                             15  |
-------------------------------------------------------------------------------------------------------------------------



Starting Connectivity Check Task

Time (s): cpu = 00:00:00 ; elapsed = 00:00:00.031 . Memory (MB): peak = 2012.672 ; gain = 0.000
Ending Logic Optimization Task | Checksum: 13fbb7bea

Time (s): cpu = 00:00:02 ; elapsed = 00:00:04 . Memory (MB): peak = 2012.672 ; gain = 1.246

Starting Power Optimization Task
INFO: [Pwropt 34-132] Skipping clock gating for clocks with a period < 2.00 ns.
INFO: [Pwropt 34-9] Applying IDT optimizations ...
INFO: [Pwropt 34-10] Applying ODC optimizations ...
INFO: [Timing 38-35] Done setting XDC timing constraints.
Running Vector-less Activity Propagation...

Finished Running Vector-less Activity Propagation


Starting PowerOpt Patch Enables Task
INFO: [Pwropt 34-162] WRITE_MODE attribute of 0 BRAM(s) out of a total of 4 has been updated to save power. Run report_power_opt to get a complete listing of the BRAMs updated.
INFO: [Pwropt 34-201] Structural ODC has moved 0 WE to EN ports
Number of BRAM Ports augmented: 2 newly gated: 6 Total Ports: 8
Ending PowerOpt Patch Enables Task | Checksum: 16c63ee31

Time (s): cpu = 00:00:00 ; elapsed = 00:00:00.082 . Memory (MB): peak = 2237.672 ; gain = 0.000
Ending Power Optimization Task | Checksum: 16c63ee31

Time (s): cpu = 00:00:03 ; elapsed = 00:00:03 . Memory (MB): peak = 2237.672 ; gain = 225.000

Starting Final Cleanup Task

Starting Logic Optimization Task
INFO: [Timing 38-35] Done setting XDC timing constraints.
Ending Logic Optimization Task | Checksum: 10c64e434

Time (s): cpu = 00:00:02 ; elapsed = 00:00:02 . Memory (MB): peak = 2237.672 ; gain = 0.000
Ending Final Cleanup Task | Checksum: 10c64e434

Time (s): cpu = 00:00:02 ; elapsed = 00:00:03 . Memory (MB): peak = 2237.672 ; gain = 0.000

Starting Netlist Obfuscation Task
Netlist sorting complete. Time (s): cpu = 00:00:00 ; elapsed = 00:00:00.007 . Memory (MB): peak = 2237.672 ; gain = 0.000
Ending Netlist Obfuscation Task | Checksum: 10c64e434

Time (s): cpu = 00:00:00 ; elapsed = 00:00:00.007 . Memory (MB): peak = 2237.672 ; gain = 0.000
INFO: [Common 17-83] Releasing license: Implementation
62 Infos, 36 Warnings, 35 Critical Warnings and 0 Errors encountered.
opt_design completed successfully
opt_design: Time (s): cpu = 00:00:09 ; elapsed = 00:00:13 . Memory (MB): peak = 2237.672 ; gain = 411.590
INFO: [Timing 38-35] Done setting XDC timing constraints.
INFO: [Timing 38-480] Writing timing data to binary archive.
Writing placer database...
Writing XDEF routing.
Writing XDEF routing logical nets.
Writing XDEF routing special nets.
Write XDEF Complete: Time (s): cpu = 00:00:00 ; elapsed = 00:00:00.034 . Memory (MB): peak = 2237.672 ; gain = 0.000
INFO: [Common 17-1381] The checkpoint 'F:/FPGA_Code/7020_AD936X_SDR/AD936X_PL/projects/fmcomms2/zc702/zc702.runs/impl_1/system_top_opt.dcp' has been generated.
write_checkpoint: Time (s): cpu = 00:00:05 ; elapsed = 00:00:05 . Memory (MB): peak = 2237.672 ; gain = 0.000
INFO: [runtcl-4] Executing : report_drc -file system_top_drc_opted.rpt -pb system_top_drc_opted.pb -rpx system_top_drc_opted.rpx
Command: report_drc -file system_top_drc_opted.rpt -pb system_top_drc_opted.pb -rpx system_top_drc_opted.rpx
INFO: [IP_Flow 19-1839] IP Catalog is up to date.
INFO: [DRC 23-27] Running DRC with 2 threads
INFO: [Vivado_Tcl 2-168] The results of DRC are in file F:/FPGA_Code/7020_AD936X_SDR/AD936X_PL/projects/fmcomms2/zc702/zc702.runs/impl_1/system_top_drc_opted.rpt.
report_drc completed successfully
Command: place_design -directive Explore
Attempting to get a license for feature 'Implementation' and/or device 'xc7z020'
INFO: [Common 17-349] Got license for feature 'Implementation' and/or device 'xc7z020'
INFO: [DRC 23-27] Running DRC with 2 threads
INFO: [Vivado_Tcl 4-198] DRC finished with 0 Errors
INFO: [Vivado_Tcl 4-199] Please refer to the DRC report (report_drc) for more information.
Running DRC as a precondition to command place_design
INFO: [DRC 23-27] Running DRC with 2 threads
WARNING: [DRC CHECK-3] Report rule limit reached: REQP-1839 rule limit reached: 20 violations have been found.
WARNING: [DRC REQP-1839] RAMB36 async control check: The RAMB36E1 i_system_wrapper/system_i/axi_ad9361_dac_dma/inst/i_transfer/i_request_arb/i_store_and_forward/i_mem/m_ram_reg has an input control pin i_system_wrapper/system_i/axi_ad9361_dac_dma/inst/i_transfer/i_request_arb/i_store_and_forward/i_mem/m_ram_reg/ENARDEN (net: i_system_wrapper/system_i/axi_ad9361_dac_dma/inst/i_transfer/i_request_arb/i_store_and_forward/i_mem/E[0]) which is driven by a register (i_system_wrapper/system_i/axi_ad9361_dac_fifo/inst/din_valid_reg) that has an active asychronous set or reset. This may cause corruption of the memory contents and/or read values when the set/reset is asserted and is not analyzed by the default static timing analysis. It is suggested to eliminate the use of a set/reset to registers driving this RAMB pin or else use a synchronous reset in which the assertion of the reset is timed by default.
WARNING: [DRC REQP-1839] RAMB36 async control check: The RAMB36E1 i_system_wrapper/system_i/axi_ad9361_dac_fifo/inst/i_mem/m_ram_reg has an input control pin i_system_wrapper/system_i/axi_ad9361_dac_fifo/inst/i_mem/m_ram_reg/ADDRBWRADDR[10] (net: i_system_wrapper/system_i/axi_ad9361_dac_fifo/inst/i_mem/m_ram_reg_0[4]) which is driven by a register (i_system_wrapper/system_i/axi_ad9361_dac_fifo/inst/din_waddr_reg[4]) that has an active asychronous set or reset. This may cause corruption of the memory contents and/or read values when the set/reset is asserted and is not analyzed by the default static timing analysis. It is suggested to eliminate the use of a set/reset to registers driving this RAMB pin or else use a synchronous reset in which the assertion of the reset is timed by default.
WARNING: [DRC REQP-1839] RAMB36 async control check: The RAMB36E1 i_system_wrapper/system_i/axi_ad9361_dac_fifo/inst/i_mem/m_ram_reg has an input control pin i_system_wrapper/system_i/axi_ad9361_dac_fifo/inst/i_mem/m_ram_reg/ADDRBWRADDR[6] (net: i_system_wrapper/system_i/axi_ad9361_dac_fifo/inst/i_mem/m_ram_reg_0[0]) which is driven by a register (i_system_wrapper/system_i/axi_ad9361_dac_fifo/inst/din_waddr_reg[0]) that has an active asychronous set or reset. This may cause corruption of the memory contents and/or read values when the set/reset is asserted and is not analyzed by the default static timing analysis. It is suggested to eliminate the use of a set/reset to registers driving this RAMB pin or else use a synchronous reset in which the assertion of the reset is timed by default.
WARNING: [DRC REQP-1839] RAMB36 async control check: The RAMB36E1 i_system_wrapper/system_i/axi_ad9361_dac_fifo/inst/i_mem/m_ram_reg has an input control pin i_system_wrapper/system_i/axi_ad9361_dac_fifo/inst/i_mem/m_ram_reg/ADDRBWRADDR[7] (net: i_system_wrapper/system_i/axi_ad9361_dac_fifo/inst/i_mem/m_ram_reg_0[1]) which is driven by a register (i_system_wrapper/system_i/axi_ad9361_dac_fifo/inst/din_waddr_reg[1]) that has an active asychronous set or reset. This may cause corruption of the memory contents and/or read values when the set/reset is asserted and is not analyzed by the default static timing analysis. It is suggested to eliminate the use of a set/reset to registers driving this RAMB pin or else use a synchronous reset in which the assertion of the reset is timed by default.
WARNING: [DRC REQP-1839] RAMB36 async control check: The RAMB36E1 i_system_wrapper/system_i/axi_ad9361_dac_fifo/inst/i_mem/m_ram_reg has an input control pin i_system_wrapper/system_i/axi_ad9361_dac_fifo/inst/i_mem/m_ram_reg/ADDRBWRADDR[8] (net: i_system_wrapper/system_i/axi_ad9361_dac_fifo/inst/i_mem/m_ram_reg_0[2]) which is driven by a register (i_system_wrapper/system_i/axi_ad9361_dac_fifo/inst/din_waddr_reg[2]) that has an active asychronous set or reset. This may cause corruption of the memory contents and/or read values when the set/reset is asserted and is not analyzed by the default static timing analysis. It is suggested to eliminate the use of a set/reset to registers driving this RAMB pin or else use a synchronous reset in which the assertion of the reset is timed by default.
WARNING: [DRC REQP-1839] RAMB36 async control check: The RAMB36E1 i_system_wrapper/system_i/axi_ad9361_dac_fifo/inst/i_mem/m_ram_reg has an input control pin i_system_wrapper/system_i/axi_ad9361_dac_fifo/inst/i_mem/m_ram_reg/ADDRBWRADDR[9] (net: i_system_wrapper/system_i/axi_ad9361_dac_fifo/inst/i_mem/m_ram_reg_0[3]) which is driven by a register (i_system_wrapper/system_i/axi_ad9361_dac_fifo/inst/din_waddr_reg[3]) that has an active asychronous set or reset. This may cause corruption of the memory contents and/or read values when the set/reset is asserted and is not analyzed by the default static timing analysis. It is suggested to eliminate the use of a set/reset to registers driving this RAMB pin or else use a synchronous reset in which the assertion of the reset is timed by default.
WARNING: [DRC REQP-1839] RAMB36 async control check: The RAMB36E1 i_system_wrapper/system_i/axi_ad9361_dac_fifo/inst/i_mem/m_ram_reg has an input control pin i_system_wrapper/system_i/axi_ad9361_dac_fifo/inst/i_mem/m_ram_reg/ENARDEN (net: i_system_wrapper/system_i/axi_ad9361_dac_fifo/inst/i_mem/m_ram_reg_ENARDEN_cooolgate_en_sig_3) which is driven by a register (i_system_wrapper/system_i/axi_ad9361/inst/i_tdd/i_up_tdd_cntrl/i_xfer_tdd_control/d_data_cntrl_int_reg[14]) that has an active asychronous set or reset. This may cause corruption of the memory contents and/or read values when the set/reset is asserted and is not analyzed by the default static timing analysis. It is suggested to eliminate the use of a set/reset to registers driving this RAMB pin or else use a synchronous reset in which the assertion of the reset is timed by default.
WARNING: [DRC REQP-1839] RAMB36 async control check: The RAMB36E1 i_system_wrapper/system_i/axi_ad9361_dac_fifo/inst/i_mem/m_ram_reg has an input control pin i_system_wrapper/system_i/axi_ad9361_dac_fifo/inst/i_mem/m_ram_reg/ENARDEN (net: i_system_wrapper/system_i/axi_ad9361_dac_fifo/inst/i_mem/m_ram_reg_ENARDEN_cooolgate_en_sig_3) which is driven by a register (i_system_wrapper/system_i/axi_ad9361/inst/i_tdd/i_up_tdd_cntrl/i_xfer_tdd_control/d_data_cntrl_int_reg[9]) that has an active asychronous set or reset. This may cause corruption of the memory contents and/or read values when the set/reset is asserted and is not analyzed by the default static timing analysis. It is suggested to eliminate the use of a set/reset to registers driving this RAMB pin or else use a synchronous reset in which the assertion of the reset is timed by default.
WARNING: [DRC REQP-1839] RAMB36 async control check: The RAMB36E1 i_system_wrapper/system_i/axi_ad9361_dac_fifo/inst/i_mem/m_ram_reg has an input control pin i_system_wrapper/system_i/axi_ad9361_dac_fifo/inst/i_mem/m_ram_reg/ENARDEN (net: i_system_wrapper/system_i/axi_ad9361_dac_fifo/inst/i_mem/m_ram_reg_ENARDEN_cooolgate_en_sig_3) which is driven by a register (i_system_wrapper/system_i/axi_ad9361/inst/i_tx/i_up_dac_common/i_xfer_cntrl/d_data_cntrl_int_reg[18]) that has an active asychronous set or reset. This may cause corruption of the memory contents and/or read values when the set/reset is asserted and is not analyzed by the default static timing analysis. It is suggested to eliminate the use of a set/reset to registers driving this RAMB pin or else use a synchronous reset in which the assertion of the reset is timed by default.
WARNING: [DRC REQP-1839] RAMB36 async control check: The RAMB36E1 i_system_wrapper/system_i/axi_ad9361_dac_fifo/inst/i_mem/m_ram_reg has an input control pin i_system_wrapper/system_i/axi_ad9361_dac_fifo/inst/i_mem/m_ram_reg/ENBWREN (net: i_system_wrapper/system_i/axi_ad9361_dac_fifo/inst/i_mem/WEBWE[0]) which is driven by a register (i_system_wrapper/system_i/axi_ad9361_dac_fifo/inst/din_wr_reg) that has an active asychronous set or reset. This may cause corruption of the memory contents and/or read values when the set/reset is asserted and is not analyzed by the default static timing analysis. It is suggested to eliminate the use of a set/reset to registers driving this RAMB pin or else use a synchronous reset in which the assertion of the reset is timed by default.
WARNING: [DRC REQP-1839] RAMB36 async control check: The RAMB36E1 i_system_wrapper/system_i/axi_ad9361_dac_fifo/inst/i_mem/m_ram_reg has an input control pin i_system_wrapper/system_i/axi_ad9361_dac_fifo/inst/i_mem/m_ram_reg/WEBWE[0] (net: i_system_wrapper/system_i/axi_ad9361_dac_fifo/inst/i_mem/WEBWE[0]) which is driven by a register (i_system_wrapper/system_i/axi_ad9361_dac_fifo/inst/din_wr_reg) that has an active asychronous set or reset. This may cause corruption of the memory contents and/or read values when the set/reset is asserted and is not analyzed by the default static timing analysis. It is suggested to eliminate the use of a set/reset to registers driving this RAMB pin or else use a synchronous reset in which the assertion of the reset is timed by default.
WARNING: [DRC REQP-1839] RAMB36 async control check: The RAMB36E1 i_system_wrapper/system_i/axi_ad9361_dac_fifo/inst/i_mem/m_ram_reg has an input control pin i_system_wrapper/system_i/axi_ad9361_dac_fifo/inst/i_mem/m_ram_reg/WEBWE[1] (net: i_system_wrapper/system_i/axi_ad9361_dac_fifo/inst/i_mem/WEBWE[0]) which is driven by a register (i_system_wrapper/system_i/axi_ad9361_dac_fifo/inst/din_wr_reg) that has an active asychronous set or reset. This may cause corruption of the memory contents and/or read values when the set/reset is asserted and is not analyzed by the default static timing analysis. It is suggested to eliminate the use of a set/reset to registers driving this RAMB pin or else use a synchronous reset in which the assertion of the reset is timed by default.
WARNING: [DRC REQP-1839] RAMB36 async control check: The RAMB36E1 i_system_wrapper/system_i/axi_ad9361_dac_fifo/inst/i_mem/m_ram_reg has an input control pin i_system_wrapper/system_i/axi_ad9361_dac_fifo/inst/i_mem/m_ram_reg/WEBWE[2] (net: i_system_wrapper/system_i/axi_ad9361_dac_fifo/inst/i_mem/WEBWE[0]) which is driven by a register (i_system_wrapper/system_i/axi_ad9361_dac_fifo/inst/din_wr_reg) that has an active asychronous set or reset. This may cause corruption of the memory contents and/or read values when the set/reset is asserted and is not analyzed by the default static timing analysis. It is suggested to eliminate the use of a set/reset to registers driving this RAMB pin or else use a synchronous reset in which the assertion of the reset is timed by default.
WARNING: [DRC REQP-1839] RAMB36 async control check: The RAMB36E1 i_system_wrapper/system_i/axi_ad9361_dac_fifo/inst/i_mem/m_ram_reg has an input control pin i_system_wrapper/system_i/axi_ad9361_dac_fifo/inst/i_mem/m_ram_reg/WEBWE[3] (net: i_system_wrapper/system_i/axi_ad9361_dac_fifo/inst/i_mem/WEBWE[0]) which is driven by a register (i_system_wrapper/system_i/axi_ad9361_dac_fifo/inst/din_wr_reg) that has an active asychronous set or reset. This may cause corruption of the memory contents and/or read values when the set/reset is asserted and is not analyzed by the default static timing analysis. It is suggested to eliminate the use of a set/reset to registers driving this RAMB pin or else use a synchronous reset in which the assertion of the reset is timed by default.
WARNING: [DRC REQP-1839] RAMB36 async control check: The RAMB36E1 i_system_wrapper/system_i/axi_ad9361_dac_fifo/inst/i_mem/m_ram_reg has an input control pin i_system_wrapper/system_i/axi_ad9361_dac_fifo/inst/i_mem/m_ram_reg/WEBWE[4] (net: i_system_wrapper/system_i/axi_ad9361_dac_fifo/inst/i_mem/WEBWE[0]) which is driven by a register (i_system_wrapper/system_i/axi_ad9361_dac_fifo/inst/din_wr_reg) that has an active asychronous set or reset. This may cause corruption of the memory contents and/or read values when the set/reset is asserted and is not analyzed by the default static timing analysis. It is suggested to eliminate the use of a set/reset to registers driving this RAMB pin or else use a synchronous reset in which the assertion of the reset is timed by default.
WARNING: [DRC REQP-1839] RAMB36 async control check: The RAMB36E1 i_system_wrapper/system_i/axi_ad9361_dac_fifo/inst/i_mem/m_ram_reg has an input control pin i_system_wrapper/system_i/axi_ad9361_dac_fifo/inst/i_mem/m_ram_reg/WEBWE[5] (net: i_system_wrapper/system_i/axi_ad9361_dac_fifo/inst/i_mem/WEBWE[0]) which is driven by a register (i_system_wrapper/system_i/axi_ad9361_dac_fifo/inst/din_wr_reg) that has an active asychronous set or reset. This may cause corruption of the memory contents and/or read values when the set/reset is asserted and is not analyzed by the default static timing analysis. It is suggested to eliminate the use of a set/reset to registers driving this RAMB pin or else use a synchronous reset in which the assertion of the reset is timed by default.
WARNING: [DRC REQP-1839] RAMB36 async control check: The RAMB36E1 i_system_wrapper/system_i/axi_ad9361_dac_fifo/inst/i_mem/m_ram_reg has an input control pin i_system_wrapper/system_i/axi_ad9361_dac_fifo/inst/i_mem/m_ram_reg/WEBWE[6] (net: i_system_wrapper/system_i/axi_ad9361_dac_fifo/inst/i_mem/WEBWE[0]) which is driven by a register (i_system_wrapper/system_i/axi_ad9361_dac_fifo/inst/din_wr_reg) that has an active asychronous set or reset. This may cause corruption of the memory contents and/or read values when the set/reset is asserted and is not analyzed by the default static timing analysis. It is suggested to eliminate the use of a set/reset to registers driving this RAMB pin or else use a synchronous reset in which the assertion of the reset is timed by default.
WARNING: [DRC REQP-1839] RAMB36 async control check: The RAMB36E1 i_system_wrapper/system_i/axi_ad9361_dac_fifo/inst/i_mem/m_ram_reg has an input control pin i_system_wrapper/system_i/axi_ad9361_dac_fifo/inst/i_mem/m_ram_reg/WEBWE[7] (net: i_system_wrapper/system_i/axi_ad9361_dac_fifo/inst/i_mem/WEBWE[0]) which is driven by a register (i_system_wrapper/system_i/axi_ad9361_dac_fifo/inst/din_wr_reg) that has an active asychronous set or reset. This may cause corruption of the memory contents and/or read values when the set/reset is asserted and is not analyzed by the default static timing analysis. It is suggested to eliminate the use of a set/reset to registers driving this RAMB pin or else use a synchronous reset in which the assertion of the reset is timed by default.
WARNING: [DRC REQP-1839] RAMB36 async control check: The RAMB36E1 i_system_wrapper/system_i/util_ad9361_adc_fifo/inst/i_mem/m_ram_reg has an input control pin i_system_wrapper/system_i/util_ad9361_adc_fifo/inst/i_mem/m_ram_reg/ADDRARDADDR[8] (net: i_system_wrapper/system_i/util_ad9361_adc_fifo/inst/i_mem/Q[2]) which is driven by a register (i_system_wrapper/system_i/util_ad9361_adc_fifo/inst/dout_raddr_reg[2]) that has an active asychronous set or reset. This may cause corruption of the memory contents and/or read values when the set/reset is asserted and is not analyzed by the default static timing analysis. It is suggested to eliminate the use of a set/reset to registers driving this RAMB pin or else use a synchronous reset in which the assertion of the reset is timed by default.
WARNING: [DRC REQP-1839] RAMB36 async control check: The RAMB36E1 i_system_wrapper/system_i/util_ad9361_adc_fifo/inst/i_mem/m_ram_reg has an input control pin i_system_wrapper/system_i/util_ad9361_adc_fifo/inst/i_mem/m_ram_reg/ADDRARDADDR[9] (net: i_system_wrapper/system_i/util_ad9361_adc_fifo/inst/i_mem/Q[3]) which is driven by a register (i_system_wrapper/system_i/util_ad9361_adc_fifo/inst/dout_raddr_reg[3]) that has an active asychronous set or reset. This may cause corruption of the memory contents and/or read values when the set/reset is asserted and is not analyzed by the default static timing analysis. It is suggested to eliminate the use of a set/reset to registers driving this RAMB pin or else use a synchronous reset in which the assertion of the reset is timed by default.
INFO: [Vivado_Tcl 4-198] DRC finished with 0 Errors, 21 Warnings
INFO: [Vivado_Tcl 4-199] Please refer to the DRC report (report_drc) for more information.

Starting Placer Task
INFO: [Place 46-5] The placer was invoked with the 'Explore' directive.
INFO: [Place 30-611] Multithreading enabled for place_design using a maximum of 2 CPUs

Phase 1 Placer Initialization

Phase 1.1 Placer Initialization Netlist Sorting
Netlist sorting complete. Time (s): cpu = 00:00:00 ; elapsed = 00:00:00.008 . Memory (MB): peak = 2237.672 ; gain = 0.000
Phase 1.1 Placer Initialization Netlist Sorting | Checksum: c6890f73

Time (s): cpu = 00:00:00 ; elapsed = 00:00:00.015 . Memory (MB): peak = 2237.672 ; gain = 0.000
Netlist sorting complete. Time (s): cpu = 00:00:00 ; elapsed = 00:00:00.008 . Memory (MB): peak = 2237.672 ; gain = 0.000

Phase 1.2 IO Placement/ Clock Placement/ Build Placer Device
Phase 1.2 IO Placement/ Clock Placement/ Build Placer Device | Checksum: 18655ea08

Time (s): cpu = 00:00:01 ; elapsed = 00:00:02 . Memory (MB): peak = 2237.672 ; gain = 0.000

Phase 1.3 Build Placer Netlist Model
Phase 1.3 Build Placer Netlist Model | Checksum: 1eda474a7

Time (s): cpu = 00:00:03 ; elapsed = 00:00:05 . Memory (MB): peak = 2237.672 ; gain = 0.000

Phase 1.4 Constrain Clocks/Macros
Phase 1.4 Constrain Clocks/Macros | Checksum: 1eda474a7

Time (s): cpu = 00:00:03 ; elapsed = 00:00:05 . Memory (MB): peak = 2237.672 ; gain = 0.000
Phase 1 Placer Initialization | Checksum: 1eda474a7

Time (s): cpu = 00:00:03 ; elapsed = 00:00:05 . Memory (MB): peak = 2237.672 ; gain = 0.000

Phase 2 Global Placement

Phase 2.1 Floorplanning
Phase 2.1 Floorplanning | Checksum: 1a8eed114

Time (s): cpu = 00:00:03 ; elapsed = 00:00:06 . Memory (MB): peak = 2237.672 ; gain = 0.000

Phase 2.2 Update Timing before SLR Path Opt
Phase 2.2 Update Timing before SLR Path Opt | Checksum: 170c422c6

Time (s): cpu = 00:00:03 ; elapsed = 00:00:06 . Memory (MB): peak = 2237.672 ; gain = 0.000

Phase 2.3 Post-Processing in Floorplanning
Phase 2.3 Post-Processing in Floorplanning | Checksum: 16002a481

Time (s): cpu = 00:00:03 ; elapsed = 00:00:06 . Memory (MB): peak = 2237.672 ; gain = 0.000

Phase 2.4 Global Placement Core

Phase 2.4.1 Physical Synthesis In Placer
INFO: [Physopt 32-1035] Found 0 LUTNM shape to break, 691 LUT instances to create LUTNM shape
INFO: [Physopt 32-1044] Break lutnm for timing: one critical 0, two critical 0, total 0, new lutff created 0
INFO: [Physopt 32-1138] End 1 Pass. Optimized 280 nets or LUTs. Breaked 0 LUT, combined 280 existing LUTs and moved 0 existing LUT
INFO: [Physopt 32-65] No nets found for high-fanout optimization.
INFO: [Physopt 32-232] Optimized 0 net. Created 0 new instance.
INFO: [Physopt 32-775] End 1 Pass. Optimized 0 net or cell. Created 0 new cell, deleted 0 existing cell and moved 0 existing cell
INFO: [Physopt 32-670] No setup violation found.  DSP Register Optimization was not performed.
INFO: [Physopt 32-670] No setup violation found.  Shift Register to Pipeline Optimization was not performed.
INFO: [Physopt 32-670] No setup violation found.  Shift Register Optimization was not performed.
INFO: [Physopt 32-670] No setup violation found.  BRAM Register Optimization was not performed.
INFO: [Physopt 32-670] No setup violation found.  URAM Register Optimization was not performed.
INFO: [Physopt 32-949] No candidate nets found for dynamic/static region interface net replication
INFO: [Physopt 32-775] End 1 Pass. Optimized 0 net or cell. Created 0 new cell, deleted 0 existing cell and moved 0 existing cell
Netlist sorting complete. Time (s): cpu = 00:00:00 ; elapsed = 00:00:00.009 . Memory (MB): peak = 2237.672 ; gain = 0.000

Summary of Physical Synthesis Optimizations
============================================


-----------------------------------------------------------------------------------------------------------------------------------------------------------
|  Optimization                                     |  Added Cells  |  Removed Cells  |  Optimized Cells/Nets  |  Dont Touch  |  Iterations  |  Elapsed   |
-----------------------------------------------------------------------------------------------------------------------------------------------------------
|  LUT Combining                                    |            0  |            280  |                   280  |           0  |           1  |  00:00:00  |
|  Retime                                           |            0  |              0  |                     0  |           0  |           1  |  00:00:00  |
|  Very High Fanout                                 |            0  |              0  |                     0  |           0  |           1  |  00:00:00  |
|  DSP Register                                     |            0  |              0  |                     0  |           0  |           0  |  00:00:00  |
|  Shift Register to Pipeline                       |            0  |              0  |                     0  |           0  |           0  |  00:00:00  |
|  Shift Register                                   |            0  |              0  |                     0  |           0  |           0  |  00:00:00  |
|  BRAM Register                                    |            0  |              0  |                     0  |           0  |           0  |  00:00:00  |
|  URAM Register                                    |            0  |              0  |                     0  |           0  |           0  |  00:00:00  |
|  Dynamic/Static Region Interface Net Replication  |            0  |              0  |                     0  |           0  |           1  |  00:00:00  |
|  Total                                            |            0  |            280  |                   280  |           0  |           4  |  00:00:00  |
-----------------------------------------------------------------------------------------------------------------------------------------------------------


Phase 2.4.1 Physical Synthesis In Placer | Checksum: 82670eec

Time (s): cpu = 00:00:09 ; elapsed = 00:00:14 . Memory (MB): peak = 2237.672 ; gain = 0.000
Phase 2.4 Global Placement Core | Checksum: 18e0e5f26

Time (s): cpu = 00:00:09 ; elapsed = 00:00:14 . Memory (MB): peak = 2237.672 ; gain = 0.000
Phase 2 Global Placement | Checksum: 18e0e5f26

Time (s): cpu = 00:00:09 ; elapsed = 00:00:14 . Memory (MB): peak = 2237.672 ; gain = 0.000

Phase 3 Detail Placement

Phase 3.1 Commit Multi Column Macros
Phase 3.1 Commit Multi Column Macros | Checksum: 24ad68b34

Time (s): cpu = 00:00:10 ; elapsed = 00:00:15 . Memory (MB): peak = 2237.672 ; gain = 0.000

Phase 3.2 Commit Most Macros & LUTRAMs
Phase 3.2 Commit Most Macros & LUTRAMs | Checksum: 19c21cf59

Time (s): cpu = 00:00:10 ; elapsed = 00:00:16 . Memory (MB): peak = 2237.672 ; gain = 0.000

Phase 3.3 Area Swap Optimization
Phase 3.3 Area Swap Optimization | Checksum: 13369d4a8

Time (s): cpu = 00:00:10 ; elapsed = 00:00:16 . Memory (MB): peak = 2237.672 ; gain = 0.000

Phase 3.4 Pipeline Register Optimization
Phase 3.4 Pipeline Register Optimization | Checksum: 1b2fd1d10

Time (s): cpu = 00:00:10 ; elapsed = 00:00:16 . Memory (MB): peak = 2237.672 ; gain = 0.000

Phase 3.5 Fast Optimization
Phase 3.5 Fast Optimization | Checksum: 1728ace82

Time (s): cpu = 00:00:11 ; elapsed = 00:00:18 . Memory (MB): peak = 2237.672 ; gain = 0.000

Phase 3.6 Small Shape Detail Placement
Phase 3.6 Small Shape Detail Placement | Checksum: 23f2c9162

Time (s): cpu = 00:00:12 ; elapsed = 00:00:21 . Memory (MB): peak = 2237.672 ; gain = 0.000

Phase 3.7 Re-assign LUT pins
Phase 3.7 Re-assign LUT pins | Checksum: 18edf9b2e

Time (s): cpu = 00:00:13 ; elapsed = 00:00:22 . Memory (MB): peak = 2237.672 ; gain = 0.000

Phase 3.8 Pipeline Register Optimization
Phase 3.8 Pipeline Register Optimization | Checksum: 197b24a76

Time (s): cpu = 00:00:13 ; elapsed = 00:00:22 . Memory (MB): peak = 2237.672 ; gain = 0.000
Phase 3 Detail Placement | Checksum: 197b24a76

Time (s): cpu = 00:00:13 ; elapsed = 00:00:22 . Memory (MB): peak = 2237.672 ; gain = 0.000

Phase 4 Post Placement Optimization and Clean-Up

Phase 4.1 Post Commit Optimization
INFO: [Timing 38-35] Done setting XDC timing constraints.

Phase 4.1.1 Post Placement Optimization
Post Placement Optimization Initialization | Checksum: 65efa4f9

Phase 4.1.1.1 BUFG Insertion

Starting Physical Synthesis Task

Phase 1 Physical Synthesis Initialization
INFO: [Physopt 32-721] Multithreading enabled for phys_opt_design using a maximum of 2 CPUs
INFO: [Physopt 32-619] Estimated Timing Summary | WNS=-0.097 | TNS=-0.097 |
Phase 1 Physical Synthesis Initialization | Checksum: 6fc292b7

Time (s): cpu = 00:00:00 ; elapsed = 00:00:00.635 . Memory (MB): peak = 2250.398 ; gain = 0.000
INFO: [Place 46-33] Processed net i_system_wrapper/system_i/axi_ad9361/inst/i_tx/i_tx_channel_0/i_up_dac_channel/i_xfer_cntrl/s_axi_aresetn_0, BUFG insertion was skipped due to placement/routing conflicts.
INFO: [Place 46-33] Processed net i_system_wrapper/system_i/axi_ad9361/inst/i_rx/i_up_adc_common/i_xfer_cntrl/d_data_cntrl_int_reg[0]_0[0], BUFG insertion was skipped due to placement/routing conflicts.
INFO: [Place 46-56] BUFG insertion identified 2 candidate nets. Inserted BUFG: 0, Replicated BUFG Driver: 0, Skipped due to Placement/Routing Conflicts: 2, Skipped due to Timing Degradation: 0, Skipped due to Illegal Netlist: 0.
Ending Physical Synthesis Task | Checksum: 95225b03

Time (s): cpu = 00:00:01 ; elapsed = 00:00:00.854 . Memory (MB): peak = 2250.398 ; gain = 0.000
Phase 4.1.1.1 BUFG Insertion | Checksum: 65efa4f9

Time (s): cpu = 00:00:16 ; elapsed = 00:00:26 . Memory (MB): peak = 2250.398 ; gain = 12.727

Phase 4.1.1.2 Post Placement Timing Optimization
INFO: [Place 30-746] Post Placement Timing Summary WNS=0.503. For the most accurate timing information please run report_timing.
Phase 4.1.1.2 Post Placement Timing Optimization | Checksum: 11167a996

Time (s): cpu = 00:00:18 ; elapsed = 00:00:30 . Memory (MB): peak = 2250.398 ; gain = 12.727

Time (s): cpu = 00:00:18 ; elapsed = 00:00:30 . Memory (MB): peak = 2250.398 ; gain = 12.727
Phase 4.1 Post Commit Optimization | Checksum: 11167a996

Time (s): cpu = 00:00:18 ; elapsed = 00:00:31 . Memory (MB): peak = 2250.398 ; gain = 12.727

Phase 4.2 Post Placement Cleanup
Phase 4.2 Post Placement Cleanup | Checksum: 11167a996

Time (s): cpu = 00:00:18 ; elapsed = 00:00:31 . Memory (MB): peak = 2250.398 ; gain = 12.727

Phase 4.3 Placer Reporting

Phase 4.3.1 Print Estimated Congestion
INFO: [Place 30-612] Post-Placement Estimated Congestion 
 ____________________________________________________
|           | Global Congestion | Short Congestion  |
| Direction | Region Size       | Region Size       |
|___________|___________________|___________________|
|      North|                1x1|                2x2|
|___________|___________________|___________________|
|      South|                1x1|                2x2|
|___________|___________________|___________________|
|       East|                1x1|                1x1|
|___________|___________________|___________________|
|       West|                1x1|                1x1|
|___________|___________________|___________________|

Phase 4.3.1 Print Estimated Congestion | Checksum: 11167a996

Time (s): cpu = 00:00:19 ; elapsed = 00:00:31 . Memory (MB): peak = 2250.398 ; gain = 12.727
Phase 4.3 Placer Reporting | Checksum: 11167a996

Time (s): cpu = 00:00:19 ; elapsed = 00:00:31 . Memory (MB): peak = 2250.398 ; gain = 12.727

Phase 4.4 Final Placement Cleanup
Netlist sorting complete. Time (s): cpu = 00:00:00 ; elapsed = 00:00:00.008 . Memory (MB): peak = 2250.398 ; gain = 0.000

Time (s): cpu = 00:00:19 ; elapsed = 00:00:31 . Memory (MB): peak = 2250.398 ; gain = 12.727
Phase 4 Post Placement Optimization and Clean-Up | Checksum: 18ce1a957

Time (s): cpu = 00:00:19 ; elapsed = 00:00:31 . Memory (MB): peak = 2250.398 ; gain = 12.727
Ending Placer Task | Checksum: e19e37f8

Time (s): cpu = 00:00:19 ; elapsed = 00:00:31 . Memory (MB): peak = 2250.398 ; gain = 12.727
INFO: [Common 17-83] Releasing license: Implementation
100 Infos, 57 Warnings, 35 Critical Warnings and 0 Errors encountered.
place_design completed successfully
place_design: Time (s): cpu = 00:00:20 ; elapsed = 00:00:32 . Memory (MB): peak = 2250.398 ; gain = 12.727
INFO: [Timing 38-480] Writing timing data to binary archive.
Writing placer database...
Writing XDEF routing.
Writing XDEF routing logical nets.
Writing XDEF routing special nets.
Write XDEF Complete: Time (s): cpu = 00:00:03 ; elapsed = 00:00:01 . Memory (MB): peak = 2253.281 ; gain = 2.883
INFO: [Common 17-1381] The checkpoint 'F:/FPGA_Code/7020_AD936X_SDR/AD936X_PL/projects/fmcomms2/zc702/zc702.runs/impl_1/system_top_placed.dcp' has been generated.
write_checkpoint: Time (s): cpu = 00:00:06 ; elapsed = 00:00:06 . Memory (MB): peak = 2253.281 ; gain = 2.883
INFO: [runtcl-4] Executing : report_io -file system_top_io_placed.rpt
report_io: Time (s): cpu = 00:00:00 ; elapsed = 00:00:00.033 . Memory (MB): peak = 2253.281 ; gain = 0.000
INFO: [runtcl-4] Executing : report_utilization -file system_top_utilization_placed.rpt -pb system_top_utilization_placed.pb
INFO: [runtcl-4] Executing : report_control_sets -verbose -file system_top_control_sets_placed.rpt
report_control_sets: Time (s): cpu = 00:00:00 ; elapsed = 00:00:00.056 . Memory (MB): peak = 2253.281 ; gain = 0.000
Command: phys_opt_design -directive Explore
Attempting to get a license for feature 'Implementation' and/or device 'xc7z020'
INFO: [Common 17-349] Got license for feature 'Implementation' and/or device 'xc7z020'
INFO: [Vivado_Tcl 4-137] Directive used for phys_opt_design is: Explore
INFO: [Vivado_Tcl 4-383] Design worst setup slack (WNS) is greater than or equal to 0.000 ns. Skipping all physical synthesis optimizations.
INFO: [Vivado_Tcl 4-232] No setup violation found. The netlist was not modified.
INFO: [Common 17-83] Releasing license: Implementation
110 Infos, 57 Warnings, 35 Critical Warnings and 0 Errors encountered.
phys_opt_design completed successfully
INFO: [Timing 38-480] Writing timing data to binary archive.
Writing placer database...
Writing XDEF routing.
Writing XDEF routing logical nets.
Writing XDEF routing special nets.
Write XDEF Complete: Time (s): cpu = 00:00:02 ; elapsed = 00:00:01 . Memory (MB): peak = 2293.820 ; gain = 34.848
INFO: [Common 17-1381] The checkpoint 'F:/FPGA_Code/7020_AD936X_SDR/AD936X_PL/projects/fmcomms2/zc702/zc702.runs/impl_1/system_top_physopt.dcp' has been generated.
Command: route_design -directive Explore
Attempting to get a license for feature 'Implementation' and/or device 'xc7z020'
INFO: [Common 17-349] Got license for feature 'Implementation' and/or device 'xc7z020'
Running DRC as a precondition to command route_design
INFO: [DRC 23-27] Running DRC with 2 threads
INFO: [Vivado_Tcl 4-198] DRC finished with 0 Errors
INFO: [Vivado_Tcl 4-199] Please refer to the DRC report (report_drc) for more information.


Starting Routing Task
INFO: [Route 35-270] Using Router directive 'Explore'.
INFO: [Route 35-254] Multithreading enabled for route_design using a maximum of 2 CPUs
Checksum: PlaceDB: 52e698f8 ConstDB: 0 ShapeSum: 8eb79f00 RouteDB: 0

Phase 1 Build RT Design
Phase 1 Build RT Design | Checksum: 12a25e93d

Time (s): cpu = 00:00:06 ; elapsed = 00:00:10 . Memory (MB): peak = 2375.477 ; gain = 72.898
Post Restoration Checksum: NetGraph: a8d7173b NumContArr: 814ed202 Constraints: 0 Timing: 0

Phase 2 Router Initialization

Phase 2.1 Create Timer
Phase 2.1 Create Timer | Checksum: 12a25e93d

Time (s): cpu = 00:00:06 ; elapsed = 00:00:10 . Memory (MB): peak = 2375.477 ; gain = 72.898

Phase 2.2 Fix Topology Constraints
Phase 2.2 Fix Topology Constraints | Checksum: 12a25e93d

Time (s): cpu = 00:00:06 ; elapsed = 00:00:11 . Memory (MB): peak = 2379.695 ; gain = 77.117

Phase 2.3 Pre Route Cleanup
Phase 2.3 Pre Route Cleanup | Checksum: 12a25e93d

Time (s): cpu = 00:00:06 ; elapsed = 00:00:11 . Memory (MB): peak = 2379.695 ; gain = 77.117
 Number of Nodes with overlaps = 0

Phase 2.4 Update Timing
Phase 2.4 Update Timing | Checksum: 1988f97dc

Time (s): cpu = 00:00:10 ; elapsed = 00:00:15 . Memory (MB): peak = 2410.562 ; gain = 107.984
INFO: [Route 35-416] Intermediate Timing Summary | WNS=0.467  | TNS=0.000  | WHS=-0.375 | THS=-719.509|

Phase 2 Router Initialization | Checksum: cfed26f1

Time (s): cpu = 00:00:12 ; elapsed = 00:00:18 . Memory (MB): peak = 2555.867 ; gain = 253.289

Router Utilization Summary
  Global Vertical Routing Utilization    = 0 %
  Global Horizontal Routing Utilization  = 0 %
  Routable Net Status*
  *Does not include unroutable nets such as driverless and loadless.
  Run report_route_status for detailed report.
  Number of Failed Nets               = 27988
    (Failed Nets is the sum of unrouted and partially routed nets)
  Number of Unrouted Nets             = 27987
  Number of Partially Routed Nets     = 1
  Number of Node Overlaps             = 0


Phase 3 Initial Routing

Phase 3.1 Global Routing
Phase 3.1 Global Routing | Checksum: cfed26f1

Time (s): cpu = 00:00:12 ; elapsed = 00:00:18 . Memory (MB): peak = 2555.867 ; gain = 253.289
Phase 3 Initial Routing | Checksum: 27711debf

Time (s): cpu = 00:00:14 ; elapsed = 00:00:20 . Memory (MB): peak = 2561.578 ; gain = 259.000

Phase 4 Rip-up And Reroute

Phase 4.1 Global Iteration 0
 Number of Nodes with overlaps = 1683
 Number of Nodes with overlaps = 207
 Number of Nodes with overlaps = 54
 Number of Nodes with overlaps = 10
 Number of Nodes with overlaps = 3
 Number of Nodes with overlaps = 0
INFO: [Route 35-416] Intermediate Timing Summary | WNS=0.467  | TNS=0.000  | WHS=N/A    | THS=N/A    |

Phase 4.1 Global Iteration 0 | Checksum: 166f18b78

Time (s): cpu = 00:00:17 ; elapsed = 00:00:27 . Memory (MB): peak = 2561.578 ; gain = 259.000
Phase 4 Rip-up And Reroute | Checksum: 166f18b78

Time (s): cpu = 00:00:17 ; elapsed = 00:00:27 . Memory (MB): peak = 2561.578 ; gain = 259.000

Phase 5 Delay and Skew Optimization

Phase 5.1 Delay CleanUp

Phase 5.1.1 Update Timing
Phase 5.1.1 Update Timing | Checksum: 1df5bf99f

Time (s): cpu = 00:00:17 ; elapsed = 00:00:28 . Memory (MB): peak = 2561.578 ; gain = 259.000
INFO: [Route 35-416] Intermediate Timing Summary | WNS=0.467  | TNS=0.000  | WHS=N/A    | THS=N/A    |

Phase 5.1 Delay CleanUp | Checksum: 1df5bf99f

Time (s): cpu = 00:00:17 ; elapsed = 00:00:28 . Memory (MB): peak = 2561.578 ; gain = 259.000

Phase 5.2 Clock Skew Optimization
Phase 5.2 Clock Skew Optimization | Checksum: 1df5bf99f

Time (s): cpu = 00:00:17 ; elapsed = 00:00:28 . Memory (MB): peak = 2561.578 ; gain = 259.000
Phase 5 Delay and Skew Optimization | Checksum: 1df5bf99f

Time (s): cpu = 00:00:17 ; elapsed = 00:00:28 . Memory (MB): peak = 2561.578 ; gain = 259.000

Phase 6 Post Hold Fix

Phase 6.1 Hold Fix Iter

Phase 6.1.1 Update Timing
Phase 6.1.1 Update Timing | Checksum: 1a62f32d3

Time (s): cpu = 00:00:17 ; elapsed = 00:00:29 . Memory (MB): peak = 2561.578 ; gain = 259.000
INFO: [Route 35-416] Intermediate Timing Summary | WNS=0.467  | TNS=0.000  | WHS=0.043  | THS=0.000  |

Phase 6.1 Hold Fix Iter | Checksum: 22a3671be

Time (s): cpu = 00:00:17 ; elapsed = 00:00:29 . Memory (MB): peak = 2561.578 ; gain = 259.000
Phase 6 Post Hold Fix | Checksum: 22a3671be

Time (s): cpu = 00:00:17 ; elapsed = 00:00:29 . Memory (MB): peak = 2561.578 ; gain = 259.000

Phase 7 Route finalize

Router Utilization Summary
  Global Vertical Routing Utilization    = 5.97271 %
  Global Horizontal Routing Utilization  = 7.67808 %
  Routable Net Status*
  *Does not include unroutable nets such as driverless and loadless.
  Run report_route_status for detailed report.
  Number of Failed Nets               = 0
    (Failed Nets is the sum of unrouted and partially routed nets)
  Number of Unrouted Nets             = 0
  Number of Partially Routed Nets     = 0
  Number of Node Overlaps             = 0

Phase 7 Route finalize | Checksum: 22245887a

Time (s): cpu = 00:00:17 ; elapsed = 00:00:29 . Memory (MB): peak = 2561.578 ; gain = 259.000

Phase 8 Verifying routed nets

 Verification completed successfully
Phase 8 Verifying routed nets | Checksum: 22245887a

Time (s): cpu = 00:00:17 ; elapsed = 00:00:29 . Memory (MB): peak = 2561.578 ; gain = 259.000

Phase 9 Depositing Routes
Phase 9 Depositing Routes | Checksum: 1fedb20a2

Time (s): cpu = 00:00:17 ; elapsed = 00:00:30 . Memory (MB): peak = 2561.578 ; gain = 259.000

Phase 10 Post Router Timing
INFO: [Route 35-20] Post Routing Timing Summary | WNS=0.467  | TNS=0.000  | WHS=0.043  | THS=0.000  |

Phase 10 Post Router Timing | Checksum: 14b8281fd

Time (s): cpu = 00:00:20 ; elapsed = 00:00:34 . Memory (MB): peak = 2561.578 ; gain = 259.000
INFO: [Route 35-61] The design met the timing requirement.
INFO: [Route 35-16] Router Completed Successfully

Time (s): cpu = 00:00:20 ; elapsed = 00:00:34 . Memory (MB): peak = 2561.578 ; gain = 259.000

Routing Is Done.
INFO: [Common 17-83] Releasing license: Implementation
126 Infos, 57 Warnings, 35 Critical Warnings and 0 Errors encountered.
route_design completed successfully
route_design: Time (s): cpu = 00:00:23 ; elapsed = 00:00:37 . Memory (MB): peak = 2561.578 ; gain = 267.758
INFO: [Timing 38-480] Writing timing data to binary archive.
Writing placer database...
Writing XDEF routing.
Writing XDEF routing logical nets.
Writing XDEF routing special nets.
Write XDEF Complete: Time (s): cpu = 00:00:03 ; elapsed = 00:00:02 . Memory (MB): peak = 2561.578 ; gain = 0.000
INFO: [Common 17-1381] The checkpoint 'F:/FPGA_Code/7020_AD936X_SDR/AD936X_PL/projects/fmcomms2/zc702/zc702.runs/impl_1/system_top_routed.dcp' has been generated.
write_checkpoint: Time (s): cpu = 00:00:05 ; elapsed = 00:00:06 . Memory (MB): peak = 2561.578 ; gain = 0.000
INFO: [runtcl-4] Executing : report_drc -file system_top_drc_routed.rpt -pb system_top_drc_routed.pb -rpx system_top_drc_routed.rpx
Command: report_drc -file system_top_drc_routed.rpt -pb system_top_drc_routed.pb -rpx system_top_drc_routed.rpx
INFO: [IP_Flow 19-1839] IP Catalog is up to date.
INFO: [DRC 23-27] Running DRC with 2 threads
INFO: [Vivado_Tcl 2-168] The results of DRC are in file F:/FPGA_Code/7020_AD936X_SDR/AD936X_PL/projects/fmcomms2/zc702/zc702.runs/impl_1/system_top_drc_routed.rpt.
report_drc completed successfully
INFO: [runtcl-4] Executing : report_methodology -file system_top_methodology_drc_routed.rpt -pb system_top_methodology_drc_routed.pb -rpx system_top_methodology_drc_routed.rpx
Command: report_methodology -file system_top_methodology_drc_routed.rpt -pb system_top_methodology_drc_routed.pb -rpx system_top_methodology_drc_routed.rpx
INFO: [Timing 38-35] Done setting XDC timing constraints.
INFO: [DRC 23-133] Running Methodology with 2 threads
INFO: [Vivado_Tcl 2-1520] The results of Report Methodology are in file F:/FPGA_Code/7020_AD936X_SDR/AD936X_PL/projects/fmcomms2/zc702/zc702.runs/impl_1/system_top_methodology_drc_routed.rpt.
report_methodology completed successfully
INFO: [runtcl-4] Executing : report_power -file system_top_power_routed.rpt -pb system_top_power_summary_routed.pb -rpx system_top_power_routed.rpx
Command: report_power -file system_top_power_routed.rpt -pb system_top_power_summary_routed.pb -rpx system_top_power_routed.rpx
INFO: [Timing 38-35] Done setting XDC timing constraints.
Running Vector-less Activity Propagation...

Finished Running Vector-less Activity Propagation
WARNING: [Power 33-332] Found switching activity that implies high-fanout reset nets being asserted for excessive periods of time which may result in inaccurate power analysis.
Resolution: To review and fix problems, please run Power Constraints Advisor in the GUI from Tools > Power Constraints Advisor or run report_power with the -advisory option to generate a text report.
138 Infos, 58 Warnings, 35 Critical Warnings and 0 Errors encountered.
report_power completed successfully
INFO: [runtcl-4] Executing : report_route_status -file system_top_route_status.rpt -pb system_top_route_status.pb
INFO: [runtcl-4] Executing : report_timing_summary -max_paths 10 -file system_top_timing_summary_routed.rpt -pb system_top_timing_summary_routed.pb -rpx system_top_timing_summary_routed.rpx -warn_on_violation 
INFO: [Timing 38-91] UpdateTimingParams: Speed grade: -2, Delay Type: min_max.
INFO: [Timing 38-191] Multithreading enabled for timing update using a maximum of 2 CPUs
INFO: [runtcl-4] Executing : report_incremental_reuse -file system_top_incremental_reuse_routed.rpt
INFO: [Vivado_Tcl 4-1062] Incremental flow is disabled. No incremental reuse Info to report.
INFO: [runtcl-4] Executing : report_clock_utilization -file system_top_clock_utilization_routed.rpt
INFO: [runtcl-4] Executing : report_bus_skew -warn_on_violation -file system_top_bus_skew_routed.rpt -pb system_top_bus_skew_routed.pb -rpx system_top_bus_skew_routed.rpx
INFO: [Timing 38-91] UpdateTimingParams: Speed grade: -2, Delay Type: min_max.
INFO: [Timing 38-191] Multithreading enabled for timing update using a maximum of 2 CPUs
INFO: [Memdata 28-167] Found XPM memory block i_system_wrapper/system_i/axi_hp2_interconnect/inst/s00_nodes/s00_r_node/inst/gen_normal.inst_mi_handler/gen_normal_area.inst_fifo_node_payld/gen_xpm_memory_fifo.inst_fifo/gen_mem_rep[0].inst_xpm_memory/xpm_memory_base_inst with a P_MEMORY_PRIMITIVE property set to distributed. A value of block is required. You will not be able to use the updatemem program to update the bitstream with new data for the i_system_wrapper/system_i/axi_hp2_interconnect/inst/s00_nodes/s00_r_node/inst/gen_normal.inst_mi_handler/gen_normal_area.inst_fifo_node_payld/gen_xpm_memory_fifo.inst_fifo/gen_mem_rep[0].inst_xpm_memory/xpm_memory_base_inst block.
INFO: [Memdata 28-167] Found XPM memory block i_system_wrapper/system_i/axi_hp2_interconnect/inst/s00_nodes/s00_ar_node/inst/gen_normal.inst_mi_handler/gen_normal_area.inst_fifo_node_payld/gen_xpm_memory_fifo.inst_fifo/gen_mem_rep[0].inst_xpm_memory/xpm_memory_base_inst with a P_MEMORY_PRIMITIVE property set to distributed. A value of block is required. You will not be able to use the updatemem program to update the bitstream with new data for the i_system_wrapper/system_i/axi_hp2_interconnect/inst/s00_nodes/s00_ar_node/inst/gen_normal.inst_mi_handler/gen_normal_area.inst_fifo_node_payld/gen_xpm_memory_fifo.inst_fifo/gen_mem_rep[0].inst_xpm_memory/xpm_memory_base_inst block.
INFO: [Memdata 28-167] Found XPM memory block i_system_wrapper/system_i/axi_hp1_interconnect/inst/s00_nodes/s00_w_node/inst/gen_normal.inst_mi_handler/gen_normal_area.inst_fifo_node_payld/gen_xpm_memory_fifo.inst_fifo/gen_mem_rep[0].inst_xpm_memory/xpm_memory_base_inst with a P_MEMORY_PRIMITIVE property set to distributed. A value of block is required. You will not be able to use the updatemem program to update the bitstream with new data for the i_system_wrapper/system_i/axi_hp1_interconnect/inst/s00_nodes/s00_w_node/inst/gen_normal.inst_mi_handler/gen_normal_area.inst_fifo_node_payld/gen_xpm_memory_fifo.inst_fifo/gen_mem_rep[0].inst_xpm_memory/xpm_memory_base_inst block.
INFO: [Memdata 28-167] Found XPM memory block i_system_wrapper/system_i/axi_hp1_interconnect/inst/s00_nodes/s00_aw_node/inst/gen_normal.inst_mi_handler/gen_normal_area.inst_fifo_node_payld/gen_xpm_memory_fifo.inst_fifo/gen_mem_rep[0].inst_xpm_memory/xpm_memory_base_inst with a P_MEMORY_PRIMITIVE property set to distributed. A value of block is required. You will not be able to use the updatemem program to update the bitstream with new data for the i_system_wrapper/system_i/axi_hp1_interconnect/inst/s00_nodes/s00_aw_node/inst/gen_normal.inst_mi_handler/gen_normal_area.inst_fifo_node_payld/gen_xpm_memory_fifo.inst_fifo/gen_mem_rep[0].inst_xpm_memory/xpm_memory_base_inst block.
Command: write_bitstream -force system_top.bit
Attempting to get a license for feature 'Implementation' and/or device 'xc7z020'
INFO: [Common 17-349] Got license for feature 'Implementation' and/or device 'xc7z020'
Running DRC as a precondition to command write_bitstream
INFO: [IP_Flow 19-1839] IP Catalog is up to date.
INFO: [DRC 23-27] Running DRC with 2 threads
WARNING: [DRC CHECK-3] Report rule limit reached: REQP-1839 rule limit reached: 20 violations have been found.
WARNING: [DRC REQP-1839] RAMB36 async control check: The RAMB36E1 i_system_wrapper/system_i/axi_ad9361_dac_dma/inst/i_transfer/i_request_arb/i_store_and_forward/i_mem/m_ram_reg has an input control pin i_system_wrapper/system_i/axi_ad9361_dac_dma/inst/i_transfer/i_request_arb/i_store_and_forward/i_mem/m_ram_reg/ENARDEN (net: i_system_wrapper/system_i/axi_ad9361_dac_dma/inst/i_transfer/i_request_arb/i_store_and_forward/i_mem/E[0]) which is driven by a register (i_system_wrapper/system_i/axi_ad9361_dac_fifo/inst/din_valid_reg) that has an active asychronous set or reset. This may cause corruption of the memory contents and/or read values when the set/reset is asserted and is not analyzed by the default static timing analysis. It is suggested to eliminate the use of a set/reset to registers driving this RAMB pin or else use a synchronous reset in which the assertion of the reset is timed by default.
WARNING: [DRC REQP-1839] RAMB36 async control check: The RAMB36E1 i_system_wrapper/system_i/axi_ad9361_dac_fifo/inst/i_mem/m_ram_reg has an input control pin i_system_wrapper/system_i/axi_ad9361_dac_fifo/inst/i_mem/m_ram_reg/ADDRBWRADDR[10] (net: i_system_wrapper/system_i/axi_ad9361_dac_fifo/inst/i_mem/m_ram_reg_0[4]) which is driven by a register (i_system_wrapper/system_i/axi_ad9361_dac_fifo/inst/din_waddr_reg[4]) that has an active asychronous set or reset. This may cause corruption of the memory contents and/or read values when the set/reset is asserted and is not analyzed by the default static timing analysis. It is suggested to eliminate the use of a set/reset to registers driving this RAMB pin or else use a synchronous reset in which the assertion of the reset is timed by default.
WARNING: [DRC REQP-1839] RAMB36 async control check: The RAMB36E1 i_system_wrapper/system_i/axi_ad9361_dac_fifo/inst/i_mem/m_ram_reg has an input control pin i_system_wrapper/system_i/axi_ad9361_dac_fifo/inst/i_mem/m_ram_reg/ADDRBWRADDR[6] (net: i_system_wrapper/system_i/axi_ad9361_dac_fifo/inst/i_mem/m_ram_reg_0[0]) which is driven by a register (i_system_wrapper/system_i/axi_ad9361_dac_fifo/inst/din_waddr_reg[0]) that has an active asychronous set or reset. This may cause corruption of the memory contents and/or read values when the set/reset is asserted and is not analyzed by the default static timing analysis. It is suggested to eliminate the use of a set/reset to registers driving this RAMB pin or else use a synchronous reset in which the assertion of the reset is timed by default.
WARNING: [DRC REQP-1839] RAMB36 async control check: The RAMB36E1 i_system_wrapper/system_i/axi_ad9361_dac_fifo/inst/i_mem/m_ram_reg has an input control pin i_system_wrapper/system_i/axi_ad9361_dac_fifo/inst/i_mem/m_ram_reg/ADDRBWRADDR[7] (net: i_system_wrapper/system_i/axi_ad9361_dac_fifo/inst/i_mem/m_ram_reg_0[1]) which is driven by a register (i_system_wrapper/system_i/axi_ad9361_dac_fifo/inst/din_waddr_reg[1]) that has an active asychronous set or reset. This may cause corruption of the memory contents and/or read values when the set/reset is asserted and is not analyzed by the default static timing analysis. It is suggested to eliminate the use of a set/reset to registers driving this RAMB pin or else use a synchronous reset in which the assertion of the reset is timed by default.
WARNING: [DRC REQP-1839] RAMB36 async control check: The RAMB36E1 i_system_wrapper/system_i/axi_ad9361_dac_fifo/inst/i_mem/m_ram_reg has an input control pin i_system_wrapper/system_i/axi_ad9361_dac_fifo/inst/i_mem/m_ram_reg/ADDRBWRADDR[8] (net: i_system_wrapper/system_i/axi_ad9361_dac_fifo/inst/i_mem/m_ram_reg_0[2]) which is driven by a register (i_system_wrapper/system_i/axi_ad9361_dac_fifo/inst/din_waddr_reg[2]) that has an active asychronous set or reset. This may cause corruption of the memory contents and/or read values when the set/reset is asserted and is not analyzed by the default static timing analysis. It is suggested to eliminate the use of a set/reset to registers driving this RAMB pin or else use a synchronous reset in which the assertion of the reset is timed by default.
WARNING: [DRC REQP-1839] RAMB36 async control check: The RAMB36E1 i_system_wrapper/system_i/axi_ad9361_dac_fifo/inst/i_mem/m_ram_reg has an input control pin i_system_wrapper/system_i/axi_ad9361_dac_fifo/inst/i_mem/m_ram_reg/ADDRBWRADDR[9] (net: i_system_wrapper/system_i/axi_ad9361_dac_fifo/inst/i_mem/m_ram_reg_0[3]) which is driven by a register (i_system_wrapper/system_i/axi_ad9361_dac_fifo/inst/din_waddr_reg[3]) that has an active asychronous set or reset. This may cause corruption of the memory contents and/or read values when the set/reset is asserted and is not analyzed by the default static timing analysis. It is suggested to eliminate the use of a set/reset to registers driving this RAMB pin or else use a synchronous reset in which the assertion of the reset is timed by default.
WARNING: [DRC REQP-1839] RAMB36 async control check: The RAMB36E1 i_system_wrapper/system_i/axi_ad9361_dac_fifo/inst/i_mem/m_ram_reg has an input control pin i_system_wrapper/system_i/axi_ad9361_dac_fifo/inst/i_mem/m_ram_reg/ENARDEN (net: i_system_wrapper/system_i/axi_ad9361_dac_fifo/inst/i_mem/m_ram_reg_ENARDEN_cooolgate_en_sig_3) which is driven by a register (i_system_wrapper/system_i/axi_ad9361/inst/i_tdd/i_up_tdd_cntrl/i_xfer_tdd_control/d_data_cntrl_int_reg[14]) that has an active asychronous set or reset. This may cause corruption of the memory contents and/or read values when the set/reset is asserted and is not analyzed by the default static timing analysis. It is suggested to eliminate the use of a set/reset to registers driving this RAMB pin or else use a synchronous reset in which the assertion of the reset is timed by default.
WARNING: [DRC REQP-1839] RAMB36 async control check: The RAMB36E1 i_system_wrapper/system_i/axi_ad9361_dac_fifo/inst/i_mem/m_ram_reg has an input control pin i_system_wrapper/system_i/axi_ad9361_dac_fifo/inst/i_mem/m_ram_reg/ENARDEN (net: i_system_wrapper/system_i/axi_ad9361_dac_fifo/inst/i_mem/m_ram_reg_ENARDEN_cooolgate_en_sig_3) which is driven by a register (i_system_wrapper/system_i/axi_ad9361/inst/i_tdd/i_up_tdd_cntrl/i_xfer_tdd_control/d_data_cntrl_int_reg[9]) that has an active asychronous set or reset. This may cause corruption of the memory contents and/or read values when the set/reset is asserted and is not analyzed by the default static timing analysis. It is suggested to eliminate the use of a set/reset to registers driving this RAMB pin or else use a synchronous reset in which the assertion of the reset is timed by default.
WARNING: [DRC REQP-1839] RAMB36 async control check: The RAMB36E1 i_system_wrapper/system_i/axi_ad9361_dac_fifo/inst/i_mem/m_ram_reg has an input control pin i_system_wrapper/system_i/axi_ad9361_dac_fifo/inst/i_mem/m_ram_reg/ENARDEN (net: i_system_wrapper/system_i/axi_ad9361_dac_fifo/inst/i_mem/m_ram_reg_ENARDEN_cooolgate_en_sig_3) which is driven by a register (i_system_wrapper/system_i/axi_ad9361/inst/i_tx/i_up_dac_common/i_xfer_cntrl/d_data_cntrl_int_reg[18]) that has an active asychronous set or reset. This may cause corruption of the memory contents and/or read values when the set/reset is asserted and is not analyzed by the default static timing analysis. It is suggested to eliminate the use of a set/reset to registers driving this RAMB pin or else use a synchronous reset in which the assertion of the reset is timed by default.
WARNING: [DRC REQP-1839] RAMB36 async control check: The RAMB36E1 i_system_wrapper/system_i/axi_ad9361_dac_fifo/inst/i_mem/m_ram_reg has an input control pin i_system_wrapper/system_i/axi_ad9361_dac_fifo/inst/i_mem/m_ram_reg/ENBWREN (net: i_system_wrapper/system_i/axi_ad9361_dac_fifo/inst/i_mem/WEBWE[0]) which is driven by a register (i_system_wrapper/system_i/axi_ad9361_dac_fifo/inst/din_wr_reg) that has an active asychronous set or reset. This may cause corruption of the memory contents and/or read values when the set/reset is asserted and is not analyzed by the default static timing analysis. It is suggested to eliminate the use of a set/reset to registers driving this RAMB pin or else use a synchronous reset in which the assertion of the reset is timed by default.
WARNING: [DRC REQP-1839] RAMB36 async control check: The RAMB36E1 i_system_wrapper/system_i/axi_ad9361_dac_fifo/inst/i_mem/m_ram_reg has an input control pin i_system_wrapper/system_i/axi_ad9361_dac_fifo/inst/i_mem/m_ram_reg/WEBWE[0] (net: i_system_wrapper/system_i/axi_ad9361_dac_fifo/inst/i_mem/WEBWE[0]) which is driven by a register (i_system_wrapper/system_i/axi_ad9361_dac_fifo/inst/din_wr_reg) that has an active asychronous set or reset. This may cause corruption of the memory contents and/or read values when the set/reset is asserted and is not analyzed by the default static timing analysis. It is suggested to eliminate the use of a set/reset to registers driving this RAMB pin or else use a synchronous reset in which the assertion of the reset is timed by default.
WARNING: [DRC REQP-1839] RAMB36 async control check: The RAMB36E1 i_system_wrapper/system_i/axi_ad9361_dac_fifo/inst/i_mem/m_ram_reg has an input control pin i_system_wrapper/system_i/axi_ad9361_dac_fifo/inst/i_mem/m_ram_reg/WEBWE[1] (net: i_system_wrapper/system_i/axi_ad9361_dac_fifo/inst/i_mem/WEBWE[0]) which is driven by a register (i_system_wrapper/system_i/axi_ad9361_dac_fifo/inst/din_wr_reg) that has an active asychronous set or reset. This may cause corruption of the memory contents and/or read values when the set/reset is asserted and is not analyzed by the default static timing analysis. It is suggested to eliminate the use of a set/reset to registers driving this RAMB pin or else use a synchronous reset in which the assertion of the reset is timed by default.
WARNING: [DRC REQP-1839] RAMB36 async control check: The RAMB36E1 i_system_wrapper/system_i/axi_ad9361_dac_fifo/inst/i_mem/m_ram_reg has an input control pin i_system_wrapper/system_i/axi_ad9361_dac_fifo/inst/i_mem/m_ram_reg/WEBWE[2] (net: i_system_wrapper/system_i/axi_ad9361_dac_fifo/inst/i_mem/WEBWE[0]) which is driven by a register (i_system_wrapper/system_i/axi_ad9361_dac_fifo/inst/din_wr_reg) that has an active asychronous set or reset. This may cause corruption of the memory contents and/or read values when the set/reset is asserted and is not analyzed by the default static timing analysis. It is suggested to eliminate the use of a set/reset to registers driving this RAMB pin or else use a synchronous reset in which the assertion of the reset is timed by default.
WARNING: [DRC REQP-1839] RAMB36 async control check: The RAMB36E1 i_system_wrapper/system_i/axi_ad9361_dac_fifo/inst/i_mem/m_ram_reg has an input control pin i_system_wrapper/system_i/axi_ad9361_dac_fifo/inst/i_mem/m_ram_reg/WEBWE[3] (net: i_system_wrapper/system_i/axi_ad9361_dac_fifo/inst/i_mem/WEBWE[0]) which is driven by a register (i_system_wrapper/system_i/axi_ad9361_dac_fifo/inst/din_wr_reg) that has an active asychronous set or reset. This may cause corruption of the memory contents and/or read values when the set/reset is asserted and is not analyzed by the default static timing analysis. It is suggested to eliminate the use of a set/reset to registers driving this RAMB pin or else use a synchronous reset in which the assertion of the reset is timed by default.
WARNING: [DRC REQP-1839] RAMB36 async control check: The RAMB36E1 i_system_wrapper/system_i/axi_ad9361_dac_fifo/inst/i_mem/m_ram_reg has an input control pin i_system_wrapper/system_i/axi_ad9361_dac_fifo/inst/i_mem/m_ram_reg/WEBWE[4] (net: i_system_wrapper/system_i/axi_ad9361_dac_fifo/inst/i_mem/WEBWE[0]) which is driven by a register (i_system_wrapper/system_i/axi_ad9361_dac_fifo/inst/din_wr_reg) that has an active asychronous set or reset. This may cause corruption of the memory contents and/or read values when the set/reset is asserted and is not analyzed by the default static timing analysis. It is suggested to eliminate the use of a set/reset to registers driving this RAMB pin or else use a synchronous reset in which the assertion of the reset is timed by default.
WARNING: [DRC REQP-1839] RAMB36 async control check: The RAMB36E1 i_system_wrapper/system_i/axi_ad9361_dac_fifo/inst/i_mem/m_ram_reg has an input control pin i_system_wrapper/system_i/axi_ad9361_dac_fifo/inst/i_mem/m_ram_reg/WEBWE[5] (net: i_system_wrapper/system_i/axi_ad9361_dac_fifo/inst/i_mem/WEBWE[0]) which is driven by a register (i_system_wrapper/system_i/axi_ad9361_dac_fifo/inst/din_wr_reg) that has an active asychronous set or reset. This may cause corruption of the memory contents and/or read values when the set/reset is asserted and is not analyzed by the default static timing analysis. It is suggested to eliminate the use of a set/reset to registers driving this RAMB pin or else use a synchronous reset in which the assertion of the reset is timed by default.
WARNING: [DRC REQP-1839] RAMB36 async control check: The RAMB36E1 i_system_wrapper/system_i/axi_ad9361_dac_fifo/inst/i_mem/m_ram_reg has an input control pin i_system_wrapper/system_i/axi_ad9361_dac_fifo/inst/i_mem/m_ram_reg/WEBWE[6] (net: i_system_wrapper/system_i/axi_ad9361_dac_fifo/inst/i_mem/WEBWE[0]) which is driven by a register (i_system_wrapper/system_i/axi_ad9361_dac_fifo/inst/din_wr_reg) that has an active asychronous set or reset. This may cause corruption of the memory contents and/or read values when the set/reset is asserted and is not analyzed by the default static timing analysis. It is suggested to eliminate the use of a set/reset to registers driving this RAMB pin or else use a synchronous reset in which the assertion of the reset is timed by default.
WARNING: [DRC REQP-1839] RAMB36 async control check: The RAMB36E1 i_system_wrapper/system_i/axi_ad9361_dac_fifo/inst/i_mem/m_ram_reg has an input control pin i_system_wrapper/system_i/axi_ad9361_dac_fifo/inst/i_mem/m_ram_reg/WEBWE[7] (net: i_system_wrapper/system_i/axi_ad9361_dac_fifo/inst/i_mem/WEBWE[0]) which is driven by a register (i_system_wrapper/system_i/axi_ad9361_dac_fifo/inst/din_wr_reg) that has an active asychronous set or reset. This may cause corruption of the memory contents and/or read values when the set/reset is asserted and is not analyzed by the default static timing analysis. It is suggested to eliminate the use of a set/reset to registers driving this RAMB pin or else use a synchronous reset in which the assertion of the reset is timed by default.
WARNING: [DRC REQP-1839] RAMB36 async control check: The RAMB36E1 i_system_wrapper/system_i/util_ad9361_adc_fifo/inst/i_mem/m_ram_reg has an input control pin i_system_wrapper/system_i/util_ad9361_adc_fifo/inst/i_mem/m_ram_reg/ADDRARDADDR[8] (net: i_system_wrapper/system_i/util_ad9361_adc_fifo/inst/i_mem/Q[2]) which is driven by a register (i_system_wrapper/system_i/util_ad9361_adc_fifo/inst/dout_raddr_reg[2]) that has an active asychronous set or reset. This may cause corruption of the memory contents and/or read values when the set/reset is asserted and is not analyzed by the default static timing analysis. It is suggested to eliminate the use of a set/reset to registers driving this RAMB pin or else use a synchronous reset in which the assertion of the reset is timed by default.
WARNING: [DRC REQP-1839] RAMB36 async control check: The RAMB36E1 i_system_wrapper/system_i/util_ad9361_adc_fifo/inst/i_mem/m_ram_reg has an input control pin i_system_wrapper/system_i/util_ad9361_adc_fifo/inst/i_mem/m_ram_reg/ADDRARDADDR[9] (net: i_system_wrapper/system_i/util_ad9361_adc_fifo/inst/i_mem/Q[3]) which is driven by a register (i_system_wrapper/system_i/util_ad9361_adc_fifo/inst/dout_raddr_reg[3]) that has an active asychronous set or reset. This may cause corruption of the memory contents and/or read values when the set/reset is asserted and is not analyzed by the default static timing analysis. It is suggested to eliminate the use of a set/reset to registers driving this RAMB pin or else use a synchronous reset in which the assertion of the reset is timed by default.
INFO: [DRC AVAL-4] enum_USE_DPORT_FALSE_enum_DREG_ADREG_0_connects_CED_CEAD_RSTD_GND: i_system_wrapper/system_i/axi_ad9361/inst/i_rx/i_rx_channel_0/i_ad_iqcor/g_loop[0].i_mul_i/i_mult_macro/dsp_v5_1.DSP48_V5_1: DSP48E1 is not using the D port (USE_DPORT = FALSE). For improved power characteristics, set DREG and ADREG to '1', tie CED, CEAD, and RSTD to logic '0'.
INFO: [DRC AVAL-4] enum_USE_DPORT_FALSE_enum_DREG_ADREG_0_connects_CED_CEAD_RSTD_GND: i_system_wrapper/system_i/axi_ad9361/inst/i_rx/i_rx_channel_0/i_ad_iqcor/g_loop[0].i_mul_q/i_mult_macro/dsp_v5_1.DSP48_V5_1: DSP48E1 is not using the D port (USE_DPORT = FALSE). For improved power characteristics, set DREG and ADREG to '1', tie CED, CEAD, and RSTD to logic '0'.
INFO: [DRC AVAL-4] enum_USE_DPORT_FALSE_enum_DREG_ADREG_0_connects_CED_CEAD_RSTD_GND: i_system_wrapper/system_i/axi_ad9361/inst/i_rx/i_rx_channel_1/i_ad_iqcor/g_loop[0].i_mul_i/i_mult_macro/dsp_v5_1.DSP48_V5_1: DSP48E1 is not using the D port (USE_DPORT = FALSE). For improved power characteristics, set DREG and ADREG to '1', tie CED, CEAD, and RSTD to logic '0'.
INFO: [DRC AVAL-4] enum_USE_DPORT_FALSE_enum_DREG_ADREG_0_connects_CED_CEAD_RSTD_GND: i_system_wrapper/system_i/axi_ad9361/inst/i_rx/i_rx_channel_1/i_ad_iqcor/g_loop[0].i_mul_q/i_mult_macro/dsp_v5_1.DSP48_V5_1: DSP48E1 is not using the D port (USE_DPORT = FALSE). For improved power characteristics, set DREG and ADREG to '1', tie CED, CEAD, and RSTD to logic '0'.
INFO: [DRC AVAL-4] enum_USE_DPORT_FALSE_enum_DREG_ADREG_0_connects_CED_CEAD_RSTD_GND: i_system_wrapper/system_i/axi_ad9361/inst/i_rx/i_rx_channel_2/i_ad_iqcor/g_loop[0].i_mul_i/i_mult_macro/dsp_v5_1.DSP48_V5_1: DSP48E1 is not using the D port (USE_DPORT = FALSE). For improved power characteristics, set DREG and ADREG to '1', tie CED, CEAD, and RSTD to logic '0'.
INFO: [DRC AVAL-4] enum_USE_DPORT_FALSE_enum_DREG_ADREG_0_connects_CED_CEAD_RSTD_GND: i_system_wrapper/system_i/axi_ad9361/inst/i_rx/i_rx_channel_2/i_ad_iqcor/g_loop[0].i_mul_q/i_mult_macro/dsp_v5_1.DSP48_V5_1: DSP48E1 is not using the D port (USE_DPORT = FALSE). For improved power characteristics, set DREG and ADREG to '1', tie CED, CEAD, and RSTD to logic '0'.
INFO: [DRC AVAL-4] enum_USE_DPORT_FALSE_enum_DREG_ADREG_0_connects_CED_CEAD_RSTD_GND: i_system_wrapper/system_i/axi_ad9361/inst/i_rx/i_rx_channel_3/i_ad_iqcor/g_loop[0].i_mul_i/i_mult_macro/dsp_v5_1.DSP48_V5_1: DSP48E1 is not using the D port (USE_DPORT = FALSE). For improved power characteristics, set DREG and ADREG to '1', tie CED, CEAD, and RSTD to logic '0'.
INFO: [DRC AVAL-4] enum_USE_DPORT_FALSE_enum_DREG_ADREG_0_connects_CED_CEAD_RSTD_GND: i_system_wrapper/system_i/axi_ad9361/inst/i_rx/i_rx_channel_3/i_ad_iqcor/g_loop[0].i_mul_q/i_mult_macro/dsp_v5_1.DSP48_V5_1: DSP48E1 is not using the D port (USE_DPORT = FALSE). For improved power characteristics, set DREG and ADREG to '1', tie CED, CEAD, and RSTD to logic '0'.
INFO: [DRC AVAL-4] enum_USE_DPORT_FALSE_enum_DREG_ADREG_0_connects_CED_CEAD_RSTD_GND: i_system_wrapper/system_i/axi_ad9361/inst/i_tx/i_tx_channel_0/i_ad_iqcor/g_loop[0].i_mul_i/i_mult_macro/dsp_v5_1.DSP48_V5_1: DSP48E1 is not using the D port (USE_DPORT = FALSE). For improved power characteristics, set DREG and ADREG to '1', tie CED, CEAD, and RSTD to logic '0'.
INFO: [DRC AVAL-4] enum_USE_DPORT_FALSE_enum_DREG_ADREG_0_connects_CED_CEAD_RSTD_GND: i_system_wrapper/system_i/axi_ad9361/inst/i_tx/i_tx_channel_0/i_ad_iqcor/g_loop[0].i_mul_q/i_mult_macro/dsp_v5_1.DSP48_V5_1: DSP48E1 is not using the D port (USE_DPORT = FALSE). For improved power characteristics, set DREG and ADREG to '1', tie CED, CEAD, and RSTD to logic '0'.
INFO: [DRC AVAL-4] enum_USE_DPORT_FALSE_enum_DREG_ADREG_0_connects_CED_CEAD_RSTD_GND: i_system_wrapper/system_i/axi_ad9361/inst/i_tx/i_tx_channel_0/i_dds/dds_phase[1].i_dds_2/i_dds_1_0/i_dds_scale/i_mult_macro/dsp_v5_1.DSP48_V5_1: DSP48E1 is not using the D port (USE_DPORT = FALSE). For improved power characteristics, set DREG and ADREG to '1', tie CED, CEAD, and RSTD to logic '0'.
INFO: [DRC AVAL-4] enum_USE_DPORT_FALSE_enum_DREG_ADREG_0_connects_CED_CEAD_RSTD_GND: i_system_wrapper/system_i/axi_ad9361/inst/i_tx/i_tx_channel_0/i_dds/dds_phase[1].i_dds_2/i_dds_1_1/i_dds_scale/i_mult_macro/dsp_v5_1.DSP48_V5_1: DSP48E1 is not using the D port (USE_DPORT = FALSE). For improved power characteristics, set DREG and ADREG to '1', tie CED, CEAD, and RSTD to logic '0'.
INFO: [DRC AVAL-4] enum_USE_DPORT_FALSE_enum_DREG_ADREG_0_connects_CED_CEAD_RSTD_GND: i_system_wrapper/system_i/axi_ad9361/inst/i_tx/i_tx_channel_1/i_ad_iqcor/g_loop[0].i_mul_i/i_mult_macro/dsp_v5_1.DSP48_V5_1: DSP48E1 is not using the D port (USE_DPORT = FALSE). For improved power characteristics, set DREG and ADREG to '1', tie CED, CEAD, and RSTD to logic '0'.
INFO: [DRC AVAL-4] enum_USE_DPORT_FALSE_enum_DREG_ADREG_0_connects_CED_CEAD_RSTD_GND: i_system_wrapper/system_i/axi_ad9361/inst/i_tx/i_tx_channel_1/i_ad_iqcor/g_loop[0].i_mul_q/i_mult_macro/dsp_v5_1.DSP48_V5_1: DSP48E1 is not using the D port (USE_DPORT = FALSE). For improved power characteristics, set DREG and ADREG to '1', tie CED, CEAD, and RSTD to logic '0'.
INFO: [DRC AVAL-4] enum_USE_DPORT_FALSE_enum_DREG_ADREG_0_connects_CED_CEAD_RSTD_GND: i_system_wrapper/system_i/axi_ad9361/inst/i_tx/i_tx_channel_1/i_dds/dds_phase[1].i_dds_2/i_dds_1_0/i_dds_scale/i_mult_macro/dsp_v5_1.DSP48_V5_1: DSP48E1 is not using the D port (USE_DPORT = FALSE). For improved power characteristics, set DREG and ADREG to '1', tie CED, CEAD, and RSTD to logic '0'.
INFO: [DRC AVAL-4] enum_USE_DPORT_FALSE_enum_DREG_ADREG_0_connects_CED_CEAD_RSTD_GND: i_system_wrapper/system_i/axi_ad9361/inst/i_tx/i_tx_channel_1/i_dds/dds_phase[1].i_dds_2/i_dds_1_1/i_dds_scale/i_mult_macro/dsp_v5_1.DSP48_V5_1: DSP48E1 is not using the D port (USE_DPORT = FALSE). For improved power characteristics, set DREG and ADREG to '1', tie CED, CEAD, and RSTD to logic '0'.
INFO: [DRC AVAL-4] enum_USE_DPORT_FALSE_enum_DREG_ADREG_0_connects_CED_CEAD_RSTD_GND: i_system_wrapper/system_i/axi_ad9361/inst/i_tx/i_tx_channel_2/i_ad_iqcor/g_loop[0].i_mul_i/i_mult_macro/dsp_v5_1.DSP48_V5_1: DSP48E1 is not using the D port (USE_DPORT = FALSE). For improved power characteristics, set DREG and ADREG to '1', tie CED, CEAD, and RSTD to logic '0'.
INFO: [DRC AVAL-4] enum_USE_DPORT_FALSE_enum_DREG_ADREG_0_connects_CED_CEAD_RSTD_GND: i_system_wrapper/system_i/axi_ad9361/inst/i_tx/i_tx_channel_2/i_ad_iqcor/g_loop[0].i_mul_q/i_mult_macro/dsp_v5_1.DSP48_V5_1: DSP48E1 is not using the D port (USE_DPORT = FALSE). For improved power characteristics, set DREG and ADREG to '1', tie CED, CEAD, and RSTD to logic '0'.
INFO: [DRC AVAL-4] enum_USE_DPORT_FALSE_enum_DREG_ADREG_0_connects_CED_CEAD_RSTD_GND: i_system_wrapper/system_i/axi_ad9361/inst/i_tx/i_tx_channel_2/i_dds/dds_phase[1].i_dds_2/i_dds_1_0/i_dds_scale/i_mult_macro/dsp_v5_1.DSP48_V5_1: DSP48E1 is not using the D port (USE_DPORT = FALSE). For improved power characteristics, set DREG and ADREG to '1', tie CED, CEAD, and RSTD to logic '0'.
INFO: [DRC AVAL-4] enum_USE_DPORT_FALSE_enum_DREG_ADREG_0_connects_CED_CEAD_RSTD_GND: i_system_wrapper/system_i/axi_ad9361/inst/i_tx/i_tx_channel_2/i_dds/dds_phase[1].i_dds_2/i_dds_1_1/i_dds_scale/i_mult_macro/dsp_v5_1.DSP48_V5_1: DSP48E1 is not using the D port (USE_DPORT = FALSE). For improved power characteristics, set DREG and ADREG to '1', tie CED, CEAD, and RSTD to logic '0'.
INFO: [DRC AVAL-4] enum_USE_DPORT_FALSE_enum_DREG_ADREG_0_connects_CED_CEAD_RSTD_GND: i_system_wrapper/system_i/axi_ad9361/inst/i_tx/i_tx_channel_3/i_ad_iqcor/g_loop[0].i_mul_i/i_mult_macro/dsp_v5_1.DSP48_V5_1: DSP48E1 is not using the D port (USE_DPORT = FALSE). For improved power characteristics, set DREG and ADREG to '1', tie CED, CEAD, and RSTD to logic '0'.
INFO: [DRC AVAL-4] enum_USE_DPORT_FALSE_enum_DREG_ADREG_0_connects_CED_CEAD_RSTD_GND: i_system_wrapper/system_i/axi_ad9361/inst/i_tx/i_tx_channel_3/i_ad_iqcor/g_loop[0].i_mul_q/i_mult_macro/dsp_v5_1.DSP48_V5_1: DSP48E1 is not using the D port (USE_DPORT = FALSE). For improved power characteristics, set DREG and ADREG to '1', tie CED, CEAD, and RSTD to logic '0'.
INFO: [DRC AVAL-4] enum_USE_DPORT_FALSE_enum_DREG_ADREG_0_connects_CED_CEAD_RSTD_GND: i_system_wrapper/system_i/axi_ad9361/inst/i_tx/i_tx_channel_3/i_dds/dds_phase[1].i_dds_2/i_dds_1_0/i_dds_scale/i_mult_macro/dsp_v5_1.DSP48_V5_1: DSP48E1 is not using the D port (USE_DPORT = FALSE). For improved power characteristics, set DREG and ADREG to '1', tie CED, CEAD, and RSTD to logic '0'.
INFO: [DRC AVAL-4] enum_USE_DPORT_FALSE_enum_DREG_ADREG_0_connects_CED_CEAD_RSTD_GND: i_system_wrapper/system_i/axi_ad9361/inst/i_tx/i_tx_channel_3/i_dds/dds_phase[1].i_dds_2/i_dds_1_1/i_dds_scale/i_mult_macro/dsp_v5_1.DSP48_V5_1: DSP48E1 is not using the D port (USE_DPORT = FALSE). For improved power characteristics, set DREG and ADREG to '1', tie CED, CEAD, and RSTD to logic '0'.
INFO: [Vivado 12-3199] DRC finished with 0 Errors, 21 Warnings, 24 Advisories
INFO: [Vivado 12-3200] Please refer to the DRC report (report_drc) for more information.
INFO: [Designutils 20-2272] Running write_bitstream with 2 threads.
Loading data files...
Loading site data...
Loading route data...
Processing options...
Creating bitmap...
Creating bitstream...
Bitstream compression saved 13514560 bits.
Writing bitstream ./system_top.bit...
INFO: [Vivado 12-1842] Bitgen Completed Successfully.
INFO: [#UNDEF] WebTalk data collection is mandatory when using a WebPACK part without a full Vivado license. To see the specific WebTalk data collected for your design, open the usage_statistics_webtalk.html or usage_statistics_webtalk.xml file in the implementation directory.
INFO: [Common 17-83] Releasing license: Implementation
40 Infos, 21 Warnings, 0 Critical Warnings and 0 Errors encountered.
write_bitstream completed successfully
write_bitstream: Time (s): cpu = 00:00:11 ; elapsed = 00:00:15 . Memory (MB): peak = 2894.188 ; gain = 332.609
INFO: [Common 17-206] Exiting Vivado at Wed Aug 14 19:24:12 2024...

*** Running vivado
    with args -log system_top.vdi -applog -m64 -product Vivado -messageDb vivado.pb -mode batch -source system_top.tcl -notrace



****** Vivado v2021.1 (64-bit)
  **** SW Build 3247384 on Thu Jun 10 19:36:33 MDT 2021
  **** IP Build 3246043 on Fri Jun 11 00:30:35 MDT 2021
    ** Copyright 1986-2021 Xilinx, Inc. All Rights Reserved.

source system_top.tcl -notrace
Command: open_checkpoint system_top_routed.dcp

Time (s): cpu = 00:00:00 ; elapsed = 00:00:00.021 . Memory (MB): peak = 1282.484 ; gain = 0.000
INFO: [Device 21-403] Loading part xc7z020clg400-2
Netlist sorting complete. Time (s): cpu = 00:00:01 ; elapsed = 00:00:00.614 . Memory (MB): peak = 1282.484 ; gain = 0.000
INFO: [Netlist 29-17] Analyzing 1954 Unisim elements for replacement
INFO: [Netlist 29-28] Unisim Transformation completed in 0 CPU seconds
INFO: [Project 1-479] Netlist was created with Vivado 2021.1
INFO: [Project 1-570] Preparing netlist for logic optimization
INFO: [Timing 38-478] Restoring timing data from binary archive.
INFO: [Timing 38-479] Binary timing data restore complete.
INFO: [Project 1-856] Restoring constraints from binary archive.
INFO: [Project 1-853] Binary constraint restore complete.
Reading XDEF placement.
Reading placer database...
Reading XDEF routing.
Read XDEF File: Time (s): cpu = 00:00:01 ; elapsed = 00:00:02 . Memory (MB): peak = 1762.285 ; gain = 13.203
Restored from archive | CPU: 1.000000 secs | Memory: 0.000000 MB |
Finished XDEF File Restore: Time (s): cpu = 00:00:01 ; elapsed = 00:00:02 . Memory (MB): peak = 1762.285 ; gain = 13.203
Netlist sorting complete. Time (s): cpu = 00:00:00 ; elapsed = 00:00:00.008 . Memory (MB): peak = 1762.285 ; gain = 0.000
INFO: [Project 1-111] Unisim Transformation Summary:
  A total of 88 instances were transformed.
  IOBUF => IOBUF (IBUF, OBUFT): 15 instances
  RAM16X1D => RAM32X1D (RAMD32(x2)): 6 instances
  RAM32M => RAM32M (RAMD32(x6), RAMS32(x2)): 57 instances
  RAM32X1D => RAM32X1D (RAMD32(x2)): 6 instances
  SRLC32E => SRL16E: 4 instances

INFO: [Project 1-604] Checkpoint was created with Vivado v2021.1 (64-bit) build 3247384
open_checkpoint: Time (s): cpu = 00:00:08 ; elapsed = 00:00:16 . Memory (MB): peak = 1763.480 ; gain = 480.996
INFO: [Memdata 28-167] Found XPM memory block i_system_wrapper/system_i/axi_hp2_interconnect/inst/s00_nodes/s00_r_node/inst/gen_normal.inst_mi_handler/gen_normal_area.inst_fifo_node_payld/gen_xpm_memory_fifo.inst_fifo/gen_mem_rep[0].inst_xpm_memory/xpm_memory_base_inst with a P_MEMORY_PRIMITIVE property set to distributed. A value of block is required. You will not be able to use the updatemem program to update the bitstream with new data for the i_system_wrapper/system_i/axi_hp2_interconnect/inst/s00_nodes/s00_r_node/inst/gen_normal.inst_mi_handler/gen_normal_area.inst_fifo_node_payld/gen_xpm_memory_fifo.inst_fifo/gen_mem_rep[0].inst_xpm_memory/xpm_memory_base_inst block.
INFO: [Memdata 28-167] Found XPM memory block i_system_wrapper/system_i/axi_hp2_interconnect/inst/s00_nodes/s00_ar_node/inst/gen_normal.inst_mi_handler/gen_normal_area.inst_fifo_node_payld/gen_xpm_memory_fifo.inst_fifo/gen_mem_rep[0].inst_xpm_memory/xpm_memory_base_inst with a P_MEMORY_PRIMITIVE property set to distributed. A value of block is required. You will not be able to use the updatemem program to update the bitstream with new data for the i_system_wrapper/system_i/axi_hp2_interconnect/inst/s00_nodes/s00_ar_node/inst/gen_normal.inst_mi_handler/gen_normal_area.inst_fifo_node_payld/gen_xpm_memory_fifo.inst_fifo/gen_mem_rep[0].inst_xpm_memory/xpm_memory_base_inst block.
INFO: [Memdata 28-167] Found XPM memory block i_system_wrapper/system_i/axi_hp1_interconnect/inst/s00_nodes/s00_w_node/inst/gen_normal.inst_mi_handler/gen_normal_area.inst_fifo_node_payld/gen_xpm_memory_fifo.inst_fifo/gen_mem_rep[0].inst_xpm_memory/xpm_memory_base_inst with a P_MEMORY_PRIMITIVE property set to distributed. A value of block is required. You will not be able to use the updatemem program to update the bitstream with new data for the i_system_wrapper/system_i/axi_hp1_interconnect/inst/s00_nodes/s00_w_node/inst/gen_normal.inst_mi_handler/gen_normal_area.inst_fifo_node_payld/gen_xpm_memory_fifo.inst_fifo/gen_mem_rep[0].inst_xpm_memory/xpm_memory_base_inst block.
INFO: [Memdata 28-167] Found XPM memory block i_system_wrapper/system_i/axi_hp1_interconnect/inst/s00_nodes/s00_aw_node/inst/gen_normal.inst_mi_handler/gen_normal_area.inst_fifo_node_payld/gen_xpm_memory_fifo.inst_fifo/gen_mem_rep[0].inst_xpm_memory/xpm_memory_base_inst with a P_MEMORY_PRIMITIVE property set to distributed. A value of block is required. You will not be able to use the updatemem program to update the bitstream with new data for the i_system_wrapper/system_i/axi_hp1_interconnect/inst/s00_nodes/s00_aw_node/inst/gen_normal.inst_mi_handler/gen_normal_area.inst_fifo_node_payld/gen_xpm_memory_fifo.inst_fifo/gen_mem_rep[0].inst_xpm_memory/xpm_memory_base_inst block.
Command: write_bitstream -force system_top.bit
Attempting to get a license for feature 'Implementation' and/or device 'xc7z020'
INFO: [Common 17-349] Got license for feature 'Implementation' and/or device 'xc7z020'
Running DRC as a precondition to command write_bitstream
INFO: [IP_Flow 19-234] Refreshing IP repositories
INFO: [IP_Flow 19-1704] No user IP repositories specified
INFO: [IP_Flow 19-2313] Loaded Vivado IP repository 'D:/Xilinx_2021_1/Vivado/2021.1/data/ip'.
INFO: [DRC 23-27] Running DRC with 2 threads
WARNING: [DRC CHECK-3] Report rule limit reached: REQP-1839 rule limit reached: 20 violations have been found.
WARNING: [DRC REQP-1839] RAMB36 async control check: The RAMB36E1 i_system_wrapper/system_i/axi_ad9361_dac_dma/inst/i_transfer/i_request_arb/i_store_and_forward/i_mem/m_ram_reg has an input control pin i_system_wrapper/system_i/axi_ad9361_dac_dma/inst/i_transfer/i_request_arb/i_store_and_forward/i_mem/m_ram_reg/ENARDEN (net: i_system_wrapper/system_i/axi_ad9361_dac_dma/inst/i_transfer/i_request_arb/i_store_and_forward/i_mem/E[0]) which is driven by a register (i_system_wrapper/system_i/axi_ad9361_dac_fifo/inst/din_valid_reg) that has an active asychronous set or reset. This may cause corruption of the memory contents and/or read values when the set/reset is asserted and is not analyzed by the default static timing analysis. It is suggested to eliminate the use of a set/reset to registers driving this RAMB pin or else use a synchronous reset in which the assertion of the reset is timed by default.
WARNING: [DRC REQP-1839] RAMB36 async control check: The RAMB36E1 i_system_wrapper/system_i/axi_ad9361_dac_fifo/inst/i_mem/m_ram_reg has an input control pin i_system_wrapper/system_i/axi_ad9361_dac_fifo/inst/i_mem/m_ram_reg/ADDRBWRADDR[10] (net: i_system_wrapper/system_i/axi_ad9361_dac_fifo/inst/i_mem/m_ram_reg_0[4]) which is driven by a register (i_system_wrapper/system_i/axi_ad9361_dac_fifo/inst/din_waddr_reg[4]) that has an active asychronous set or reset. This may cause corruption of the memory contents and/or read values when the set/reset is asserted and is not analyzed by the default static timing analysis. It is suggested to eliminate the use of a set/reset to registers driving this RAMB pin or else use a synchronous reset in which the assertion of the reset is timed by default.
WARNING: [DRC REQP-1839] RAMB36 async control check: The RAMB36E1 i_system_wrapper/system_i/axi_ad9361_dac_fifo/inst/i_mem/m_ram_reg has an input control pin i_system_wrapper/system_i/axi_ad9361_dac_fifo/inst/i_mem/m_ram_reg/ADDRBWRADDR[6] (net: i_system_wrapper/system_i/axi_ad9361_dac_fifo/inst/i_mem/m_ram_reg_0[0]) which is driven by a register (i_system_wrapper/system_i/axi_ad9361_dac_fifo/inst/din_waddr_reg[0]) that has an active asychronous set or reset. This may cause corruption of the memory contents and/or read values when the set/reset is asserted and is not analyzed by the default static timing analysis. It is suggested to eliminate the use of a set/reset to registers driving this RAMB pin or else use a synchronous reset in which the assertion of the reset is timed by default.
WARNING: [DRC REQP-1839] RAMB36 async control check: The RAMB36E1 i_system_wrapper/system_i/axi_ad9361_dac_fifo/inst/i_mem/m_ram_reg has an input control pin i_system_wrapper/system_i/axi_ad9361_dac_fifo/inst/i_mem/m_ram_reg/ADDRBWRADDR[7] (net: i_system_wrapper/system_i/axi_ad9361_dac_fifo/inst/i_mem/m_ram_reg_0[1]) which is driven by a register (i_system_wrapper/system_i/axi_ad9361_dac_fifo/inst/din_waddr_reg[1]) that has an active asychronous set or reset. This may cause corruption of the memory contents and/or read values when the set/reset is asserted and is not analyzed by the default static timing analysis. It is suggested to eliminate the use of a set/reset to registers driving this RAMB pin or else use a synchronous reset in which the assertion of the reset is timed by default.
WARNING: [DRC REQP-1839] RAMB36 async control check: The RAMB36E1 i_system_wrapper/system_i/axi_ad9361_dac_fifo/inst/i_mem/m_ram_reg has an input control pin i_system_wrapper/system_i/axi_ad9361_dac_fifo/inst/i_mem/m_ram_reg/ADDRBWRADDR[8] (net: i_system_wrapper/system_i/axi_ad9361_dac_fifo/inst/i_mem/m_ram_reg_0[2]) which is driven by a register (i_system_wrapper/system_i/axi_ad9361_dac_fifo/inst/din_waddr_reg[2]) that has an active asychronous set or reset. This may cause corruption of the memory contents and/or read values when the set/reset is asserted and is not analyzed by the default static timing analysis. It is suggested to eliminate the use of a set/reset to registers driving this RAMB pin or else use a synchronous reset in which the assertion of the reset is timed by default.
WARNING: [DRC REQP-1839] RAMB36 async control check: The RAMB36E1 i_system_wrapper/system_i/axi_ad9361_dac_fifo/inst/i_mem/m_ram_reg has an input control pin i_system_wrapper/system_i/axi_ad9361_dac_fifo/inst/i_mem/m_ram_reg/ADDRBWRADDR[9] (net: i_system_wrapper/system_i/axi_ad9361_dac_fifo/inst/i_mem/m_ram_reg_0[3]) which is driven by a register (i_system_wrapper/system_i/axi_ad9361_dac_fifo/inst/din_waddr_reg[3]) that has an active asychronous set or reset. This may cause corruption of the memory contents and/or read values when the set/reset is asserted and is not analyzed by the default static timing analysis. It is suggested to eliminate the use of a set/reset to registers driving this RAMB pin or else use a synchronous reset in which the assertion of the reset is timed by default.
WARNING: [DRC REQP-1839] RAMB36 async control check: The RAMB36E1 i_system_wrapper/system_i/axi_ad9361_dac_fifo/inst/i_mem/m_ram_reg has an input control pin i_system_wrapper/system_i/axi_ad9361_dac_fifo/inst/i_mem/m_ram_reg/ENARDEN (net: i_system_wrapper/system_i/axi_ad9361_dac_fifo/inst/i_mem/m_ram_reg_ENARDEN_cooolgate_en_sig_3) which is driven by a register (i_system_wrapper/system_i/axi_ad9361/inst/i_tdd/i_up_tdd_cntrl/i_xfer_tdd_control/d_data_cntrl_int_reg[14]) that has an active asychronous set or reset. This may cause corruption of the memory contents and/or read values when the set/reset is asserted and is not analyzed by the default static timing analysis. It is suggested to eliminate the use of a set/reset to registers driving this RAMB pin or else use a synchronous reset in which the assertion of the reset is timed by default.
WARNING: [DRC REQP-1839] RAMB36 async control check: The RAMB36E1 i_system_wrapper/system_i/axi_ad9361_dac_fifo/inst/i_mem/m_ram_reg has an input control pin i_system_wrapper/system_i/axi_ad9361_dac_fifo/inst/i_mem/m_ram_reg/ENARDEN (net: i_system_wrapper/system_i/axi_ad9361_dac_fifo/inst/i_mem/m_ram_reg_ENARDEN_cooolgate_en_sig_3) which is driven by a register (i_system_wrapper/system_i/axi_ad9361/inst/i_tdd/i_up_tdd_cntrl/i_xfer_tdd_control/d_data_cntrl_int_reg[9]) that has an active asychronous set or reset. This may cause corruption of the memory contents and/or read values when the set/reset is asserted and is not analyzed by the default static timing analysis. It is suggested to eliminate the use of a set/reset to registers driving this RAMB pin or else use a synchronous reset in which the assertion of the reset is timed by default.
WARNING: [DRC REQP-1839] RAMB36 async control check: The RAMB36E1 i_system_wrapper/system_i/axi_ad9361_dac_fifo/inst/i_mem/m_ram_reg has an input control pin i_system_wrapper/system_i/axi_ad9361_dac_fifo/inst/i_mem/m_ram_reg/ENARDEN (net: i_system_wrapper/system_i/axi_ad9361_dac_fifo/inst/i_mem/m_ram_reg_ENARDEN_cooolgate_en_sig_3) which is driven by a register (i_system_wrapper/system_i/axi_ad9361/inst/i_tx/i_up_dac_common/i_xfer_cntrl/d_data_cntrl_int_reg[18]) that has an active asychronous set or reset. This may cause corruption of the memory contents and/or read values when the set/reset is asserted and is not analyzed by the default static timing analysis. It is suggested to eliminate the use of a set/reset to registers driving this RAMB pin or else use a synchronous reset in which the assertion of the reset is timed by default.
WARNING: [DRC REQP-1839] RAMB36 async control check: The RAMB36E1 i_system_wrapper/system_i/axi_ad9361_dac_fifo/inst/i_mem/m_ram_reg has an input control pin i_system_wrapper/system_i/axi_ad9361_dac_fifo/inst/i_mem/m_ram_reg/ENBWREN (net: i_system_wrapper/system_i/axi_ad9361_dac_fifo/inst/i_mem/WEBWE[0]) which is driven by a register (i_system_wrapper/system_i/axi_ad9361_dac_fifo/inst/din_wr_reg) that has an active asychronous set or reset. This may cause corruption of the memory contents and/or read values when the set/reset is asserted and is not analyzed by the default static timing analysis. It is suggested to eliminate the use of a set/reset to registers driving this RAMB pin or else use a synchronous reset in which the assertion of the reset is timed by default.
WARNING: [DRC REQP-1839] RAMB36 async control check: The RAMB36E1 i_system_wrapper/system_i/axi_ad9361_dac_fifo/inst/i_mem/m_ram_reg has an input control pin i_system_wrapper/system_i/axi_ad9361_dac_fifo/inst/i_mem/m_ram_reg/WEBWE[0] (net: i_system_wrapper/system_i/axi_ad9361_dac_fifo/inst/i_mem/WEBWE[0]) which is driven by a register (i_system_wrapper/system_i/axi_ad9361_dac_fifo/inst/din_wr_reg) that has an active asychronous set or reset. This may cause corruption of the memory contents and/or read values when the set/reset is asserted and is not analyzed by the default static timing analysis. It is suggested to eliminate the use of a set/reset to registers driving this RAMB pin or else use a synchronous reset in which the assertion of the reset is timed by default.
WARNING: [DRC REQP-1839] RAMB36 async control check: The RAMB36E1 i_system_wrapper/system_i/axi_ad9361_dac_fifo/inst/i_mem/m_ram_reg has an input control pin i_system_wrapper/system_i/axi_ad9361_dac_fifo/inst/i_mem/m_ram_reg/WEBWE[1] (net: i_system_wrapper/system_i/axi_ad9361_dac_fifo/inst/i_mem/WEBWE[0]) which is driven by a register (i_system_wrapper/system_i/axi_ad9361_dac_fifo/inst/din_wr_reg) that has an active asychronous set or reset. This may cause corruption of the memory contents and/or read values when the set/reset is asserted and is not analyzed by the default static timing analysis. It is suggested to eliminate the use of a set/reset to registers driving this RAMB pin or else use a synchronous reset in which the assertion of the reset is timed by default.
WARNING: [DRC REQP-1839] RAMB36 async control check: The RAMB36E1 i_system_wrapper/system_i/axi_ad9361_dac_fifo/inst/i_mem/m_ram_reg has an input control pin i_system_wrapper/system_i/axi_ad9361_dac_fifo/inst/i_mem/m_ram_reg/WEBWE[2] (net: i_system_wrapper/system_i/axi_ad9361_dac_fifo/inst/i_mem/WEBWE[0]) which is driven by a register (i_system_wrapper/system_i/axi_ad9361_dac_fifo/inst/din_wr_reg) that has an active asychronous set or reset. This may cause corruption of the memory contents and/or read values when the set/reset is asserted and is not analyzed by the default static timing analysis. It is suggested to eliminate the use of a set/reset to registers driving this RAMB pin or else use a synchronous reset in which the assertion of the reset is timed by default.
WARNING: [DRC REQP-1839] RAMB36 async control check: The RAMB36E1 i_system_wrapper/system_i/axi_ad9361_dac_fifo/inst/i_mem/m_ram_reg has an input control pin i_system_wrapper/system_i/axi_ad9361_dac_fifo/inst/i_mem/m_ram_reg/WEBWE[3] (net: i_system_wrapper/system_i/axi_ad9361_dac_fifo/inst/i_mem/WEBWE[0]) which is driven by a register (i_system_wrapper/system_i/axi_ad9361_dac_fifo/inst/din_wr_reg) that has an active asychronous set or reset. This may cause corruption of the memory contents and/or read values when the set/reset is asserted and is not analyzed by the default static timing analysis. It is suggested to eliminate the use of a set/reset to registers driving this RAMB pin or else use a synchronous reset in which the assertion of the reset is timed by default.
WARNING: [DRC REQP-1839] RAMB36 async control check: The RAMB36E1 i_system_wrapper/system_i/axi_ad9361_dac_fifo/inst/i_mem/m_ram_reg has an input control pin i_system_wrapper/system_i/axi_ad9361_dac_fifo/inst/i_mem/m_ram_reg/WEBWE[4] (net: i_system_wrapper/system_i/axi_ad9361_dac_fifo/inst/i_mem/WEBWE[0]) which is driven by a register (i_system_wrapper/system_i/axi_ad9361_dac_fifo/inst/din_wr_reg) that has an active asychronous set or reset. This may cause corruption of the memory contents and/or read values when the set/reset is asserted and is not analyzed by the default static timing analysis. It is suggested to eliminate the use of a set/reset to registers driving this RAMB pin or else use a synchronous reset in which the assertion of the reset is timed by default.
WARNING: [DRC REQP-1839] RAMB36 async control check: The RAMB36E1 i_system_wrapper/system_i/axi_ad9361_dac_fifo/inst/i_mem/m_ram_reg has an input control pin i_system_wrapper/system_i/axi_ad9361_dac_fifo/inst/i_mem/m_ram_reg/WEBWE[5] (net: i_system_wrapper/system_i/axi_ad9361_dac_fifo/inst/i_mem/WEBWE[0]) which is driven by a register (i_system_wrapper/system_i/axi_ad9361_dac_fifo/inst/din_wr_reg) that has an active asychronous set or reset. This may cause corruption of the memory contents and/or read values when the set/reset is asserted and is not analyzed by the default static timing analysis. It is suggested to eliminate the use of a set/reset to registers driving this RAMB pin or else use a synchronous reset in which the assertion of the reset is timed by default.
WARNING: [DRC REQP-1839] RAMB36 async control check: The RAMB36E1 i_system_wrapper/system_i/axi_ad9361_dac_fifo/inst/i_mem/m_ram_reg has an input control pin i_system_wrapper/system_i/axi_ad9361_dac_fifo/inst/i_mem/m_ram_reg/WEBWE[6] (net: i_system_wrapper/system_i/axi_ad9361_dac_fifo/inst/i_mem/WEBWE[0]) which is driven by a register (i_system_wrapper/system_i/axi_ad9361_dac_fifo/inst/din_wr_reg) that has an active asychronous set or reset. This may cause corruption of the memory contents and/or read values when the set/reset is asserted and is not analyzed by the default static timing analysis. It is suggested to eliminate the use of a set/reset to registers driving this RAMB pin or else use a synchronous reset in which the assertion of the reset is timed by default.
WARNING: [DRC REQP-1839] RAMB36 async control check: The RAMB36E1 i_system_wrapper/system_i/axi_ad9361_dac_fifo/inst/i_mem/m_ram_reg has an input control pin i_system_wrapper/system_i/axi_ad9361_dac_fifo/inst/i_mem/m_ram_reg/WEBWE[7] (net: i_system_wrapper/system_i/axi_ad9361_dac_fifo/inst/i_mem/WEBWE[0]) which is driven by a register (i_system_wrapper/system_i/axi_ad9361_dac_fifo/inst/din_wr_reg) that has an active asychronous set or reset. This may cause corruption of the memory contents and/or read values when the set/reset is asserted and is not analyzed by the default static timing analysis. It is suggested to eliminate the use of a set/reset to registers driving this RAMB pin or else use a synchronous reset in which the assertion of the reset is timed by default.
WARNING: [DRC REQP-1839] RAMB36 async control check: The RAMB36E1 i_system_wrapper/system_i/util_ad9361_adc_fifo/inst/i_mem/m_ram_reg has an input control pin i_system_wrapper/system_i/util_ad9361_adc_fifo/inst/i_mem/m_ram_reg/ADDRARDADDR[8] (net: i_system_wrapper/system_i/util_ad9361_adc_fifo/inst/i_mem/Q[2]) which is driven by a register (i_system_wrapper/system_i/util_ad9361_adc_fifo/inst/dout_raddr_reg[2]) that has an active asychronous set or reset. This may cause corruption of the memory contents and/or read values when the set/reset is asserted and is not analyzed by the default static timing analysis. It is suggested to eliminate the use of a set/reset to registers driving this RAMB pin or else use a synchronous reset in which the assertion of the reset is timed by default.
WARNING: [DRC REQP-1839] RAMB36 async control check: The RAMB36E1 i_system_wrapper/system_i/util_ad9361_adc_fifo/inst/i_mem/m_ram_reg has an input control pin i_system_wrapper/system_i/util_ad9361_adc_fifo/inst/i_mem/m_ram_reg/ADDRARDADDR[9] (net: i_system_wrapper/system_i/util_ad9361_adc_fifo/inst/i_mem/Q[3]) which is driven by a register (i_system_wrapper/system_i/util_ad9361_adc_fifo/inst/dout_raddr_reg[3]) that has an active asychronous set or reset. This may cause corruption of the memory contents and/or read values when the set/reset is asserted and is not analyzed by the default static timing analysis. It is suggested to eliminate the use of a set/reset to registers driving this RAMB pin or else use a synchronous reset in which the assertion of the reset is timed by default.
INFO: [DRC AVAL-4] enum_USE_DPORT_FALSE_enum_DREG_ADREG_0_connects_CED_CEAD_RSTD_GND: i_system_wrapper/system_i/axi_ad9361/inst/i_rx/i_rx_channel_0/i_ad_iqcor/g_loop[0].i_mul_i/i_mult_macro/dsp_v5_1.DSP48_V5_1: DSP48E1 is not using the D port (USE_DPORT = FALSE). For improved power characteristics, set DREG and ADREG to '1', tie CED, CEAD, and RSTD to logic '0'.
INFO: [DRC AVAL-4] enum_USE_DPORT_FALSE_enum_DREG_ADREG_0_connects_CED_CEAD_RSTD_GND: i_system_wrapper/system_i/axi_ad9361/inst/i_rx/i_rx_channel_0/i_ad_iqcor/g_loop[0].i_mul_q/i_mult_macro/dsp_v5_1.DSP48_V5_1: DSP48E1 is not using the D port (USE_DPORT = FALSE). For improved power characteristics, set DREG and ADREG to '1', tie CED, CEAD, and RSTD to logic '0'.
INFO: [DRC AVAL-4] enum_USE_DPORT_FALSE_enum_DREG_ADREG_0_connects_CED_CEAD_RSTD_GND: i_system_wrapper/system_i/axi_ad9361/inst/i_rx/i_rx_channel_1/i_ad_iqcor/g_loop[0].i_mul_i/i_mult_macro/dsp_v5_1.DSP48_V5_1: DSP48E1 is not using the D port (USE_DPORT = FALSE). For improved power characteristics, set DREG and ADREG to '1', tie CED, CEAD, and RSTD to logic '0'.
INFO: [DRC AVAL-4] enum_USE_DPORT_FALSE_enum_DREG_ADREG_0_connects_CED_CEAD_RSTD_GND: i_system_wrapper/system_i/axi_ad9361/inst/i_rx/i_rx_channel_1/i_ad_iqcor/g_loop[0].i_mul_q/i_mult_macro/dsp_v5_1.DSP48_V5_1: DSP48E1 is not using the D port (USE_DPORT = FALSE). For improved power characteristics, set DREG and ADREG to '1', tie CED, CEAD, and RSTD to logic '0'.
INFO: [DRC AVAL-4] enum_USE_DPORT_FALSE_enum_DREG_ADREG_0_connects_CED_CEAD_RSTD_GND: i_system_wrapper/system_i/axi_ad9361/inst/i_rx/i_rx_channel_2/i_ad_iqcor/g_loop[0].i_mul_i/i_mult_macro/dsp_v5_1.DSP48_V5_1: DSP48E1 is not using the D port (USE_DPORT = FALSE). For improved power characteristics, set DREG and ADREG to '1', tie CED, CEAD, and RSTD to logic '0'.
INFO: [DRC AVAL-4] enum_USE_DPORT_FALSE_enum_DREG_ADREG_0_connects_CED_CEAD_RSTD_GND: i_system_wrapper/system_i/axi_ad9361/inst/i_rx/i_rx_channel_2/i_ad_iqcor/g_loop[0].i_mul_q/i_mult_macro/dsp_v5_1.DSP48_V5_1: DSP48E1 is not using the D port (USE_DPORT = FALSE). For improved power characteristics, set DREG and ADREG to '1', tie CED, CEAD, and RSTD to logic '0'.
INFO: [DRC AVAL-4] enum_USE_DPORT_FALSE_enum_DREG_ADREG_0_connects_CED_CEAD_RSTD_GND: i_system_wrapper/system_i/axi_ad9361/inst/i_rx/i_rx_channel_3/i_ad_iqcor/g_loop[0].i_mul_i/i_mult_macro/dsp_v5_1.DSP48_V5_1: DSP48E1 is not using the D port (USE_DPORT = FALSE). For improved power characteristics, set DREG and ADREG to '1', tie CED, CEAD, and RSTD to logic '0'.
INFO: [DRC AVAL-4] enum_USE_DPORT_FALSE_enum_DREG_ADREG_0_connects_CED_CEAD_RSTD_GND: i_system_wrapper/system_i/axi_ad9361/inst/i_rx/i_rx_channel_3/i_ad_iqcor/g_loop[0].i_mul_q/i_mult_macro/dsp_v5_1.DSP48_V5_1: DSP48E1 is not using the D port (USE_DPORT = FALSE). For improved power characteristics, set DREG and ADREG to '1', tie CED, CEAD, and RSTD to logic '0'.
INFO: [DRC AVAL-4] enum_USE_DPORT_FALSE_enum_DREG_ADREG_0_connects_CED_CEAD_RSTD_GND: i_system_wrapper/system_i/axi_ad9361/inst/i_tx/i_tx_channel_0/i_ad_iqcor/g_loop[0].i_mul_i/i_mult_macro/dsp_v5_1.DSP48_V5_1: DSP48E1 is not using the D port (USE_DPORT = FALSE). For improved power characteristics, set DREG and ADREG to '1', tie CED, CEAD, and RSTD to logic '0'.
INFO: [DRC AVAL-4] enum_USE_DPORT_FALSE_enum_DREG_ADREG_0_connects_CED_CEAD_RSTD_GND: i_system_wrapper/system_i/axi_ad9361/inst/i_tx/i_tx_channel_0/i_ad_iqcor/g_loop[0].i_mul_q/i_mult_macro/dsp_v5_1.DSP48_V5_1: DSP48E1 is not using the D port (USE_DPORT = FALSE). For improved power characteristics, set DREG and ADREG to '1', tie CED, CEAD, and RSTD to logic '0'.
INFO: [DRC AVAL-4] enum_USE_DPORT_FALSE_enum_DREG_ADREG_0_connects_CED_CEAD_RSTD_GND: i_system_wrapper/system_i/axi_ad9361/inst/i_tx/i_tx_channel_0/i_dds/dds_phase[1].i_dds_2/i_dds_1_0/i_dds_scale/i_mult_macro/dsp_v5_1.DSP48_V5_1: DSP48E1 is not using the D port (USE_DPORT = FALSE). For improved power characteristics, set DREG and ADREG to '1', tie CED, CEAD, and RSTD to logic '0'.
INFO: [DRC AVAL-4] enum_USE_DPORT_FALSE_enum_DREG_ADREG_0_connects_CED_CEAD_RSTD_GND: i_system_wrapper/system_i/axi_ad9361/inst/i_tx/i_tx_channel_0/i_dds/dds_phase[1].i_dds_2/i_dds_1_1/i_dds_scale/i_mult_macro/dsp_v5_1.DSP48_V5_1: DSP48E1 is not using the D port (USE_DPORT = FALSE). For improved power characteristics, set DREG and ADREG to '1', tie CED, CEAD, and RSTD to logic '0'.
INFO: [DRC AVAL-4] enum_USE_DPORT_FALSE_enum_DREG_ADREG_0_connects_CED_CEAD_RSTD_GND: i_system_wrapper/system_i/axi_ad9361/inst/i_tx/i_tx_channel_1/i_ad_iqcor/g_loop[0].i_mul_i/i_mult_macro/dsp_v5_1.DSP48_V5_1: DSP48E1 is not using the D port (USE_DPORT = FALSE). For improved power characteristics, set DREG and ADREG to '1', tie CED, CEAD, and RSTD to logic '0'.
INFO: [DRC AVAL-4] enum_USE_DPORT_FALSE_enum_DREG_ADREG_0_connects_CED_CEAD_RSTD_GND: i_system_wrapper/system_i/axi_ad9361/inst/i_tx/i_tx_channel_1/i_ad_iqcor/g_loop[0].i_mul_q/i_mult_macro/dsp_v5_1.DSP48_V5_1: DSP48E1 is not using the D port (USE_DPORT = FALSE). For improved power characteristics, set DREG and ADREG to '1', tie CED, CEAD, and RSTD to logic '0'.
INFO: [DRC AVAL-4] enum_USE_DPORT_FALSE_enum_DREG_ADREG_0_connects_CED_CEAD_RSTD_GND: i_system_wrapper/system_i/axi_ad9361/inst/i_tx/i_tx_channel_1/i_dds/dds_phase[1].i_dds_2/i_dds_1_0/i_dds_scale/i_mult_macro/dsp_v5_1.DSP48_V5_1: DSP48E1 is not using the D port (USE_DPORT = FALSE). For improved power characteristics, set DREG and ADREG to '1', tie CED, CEAD, and RSTD to logic '0'.
INFO: [DRC AVAL-4] enum_USE_DPORT_FALSE_enum_DREG_ADREG_0_connects_CED_CEAD_RSTD_GND: i_system_wrapper/system_i/axi_ad9361/inst/i_tx/i_tx_channel_1/i_dds/dds_phase[1].i_dds_2/i_dds_1_1/i_dds_scale/i_mult_macro/dsp_v5_1.DSP48_V5_1: DSP48E1 is not using the D port (USE_DPORT = FALSE). For improved power characteristics, set DREG and ADREG to '1', tie CED, CEAD, and RSTD to logic '0'.
INFO: [DRC AVAL-4] enum_USE_DPORT_FALSE_enum_DREG_ADREG_0_connects_CED_CEAD_RSTD_GND: i_system_wrapper/system_i/axi_ad9361/inst/i_tx/i_tx_channel_2/i_ad_iqcor/g_loop[0].i_mul_i/i_mult_macro/dsp_v5_1.DSP48_V5_1: DSP48E1 is not using the D port (USE_DPORT = FALSE). For improved power characteristics, set DREG and ADREG to '1', tie CED, CEAD, and RSTD to logic '0'.
INFO: [DRC AVAL-4] enum_USE_DPORT_FALSE_enum_DREG_ADREG_0_connects_CED_CEAD_RSTD_GND: i_system_wrapper/system_i/axi_ad9361/inst/i_tx/i_tx_channel_2/i_ad_iqcor/g_loop[0].i_mul_q/i_mult_macro/dsp_v5_1.DSP48_V5_1: DSP48E1 is not using the D port (USE_DPORT = FALSE). For improved power characteristics, set DREG and ADREG to '1', tie CED, CEAD, and RSTD to logic '0'.
INFO: [DRC AVAL-4] enum_USE_DPORT_FALSE_enum_DREG_ADREG_0_connects_CED_CEAD_RSTD_GND: i_system_wrapper/system_i/axi_ad9361/inst/i_tx/i_tx_channel_2/i_dds/dds_phase[1].i_dds_2/i_dds_1_0/i_dds_scale/i_mult_macro/dsp_v5_1.DSP48_V5_1: DSP48E1 is not using the D port (USE_DPORT = FALSE). For improved power characteristics, set DREG and ADREG to '1', tie CED, CEAD, and RSTD to logic '0'.
INFO: [DRC AVAL-4] enum_USE_DPORT_FALSE_enum_DREG_ADREG_0_connects_CED_CEAD_RSTD_GND: i_system_wrapper/system_i/axi_ad9361/inst/i_tx/i_tx_channel_2/i_dds/dds_phase[1].i_dds_2/i_dds_1_1/i_dds_scale/i_mult_macro/dsp_v5_1.DSP48_V5_1: DSP48E1 is not using the D port (USE_DPORT = FALSE). For improved power characteristics, set DREG and ADREG to '1', tie CED, CEAD, and RSTD to logic '0'.
INFO: [DRC AVAL-4] enum_USE_DPORT_FALSE_enum_DREG_ADREG_0_connects_CED_CEAD_RSTD_GND: i_system_wrapper/system_i/axi_ad9361/inst/i_tx/i_tx_channel_3/i_ad_iqcor/g_loop[0].i_mul_i/i_mult_macro/dsp_v5_1.DSP48_V5_1: DSP48E1 is not using the D port (USE_DPORT = FALSE). For improved power characteristics, set DREG and ADREG to '1', tie CED, CEAD, and RSTD to logic '0'.
INFO: [DRC AVAL-4] enum_USE_DPORT_FALSE_enum_DREG_ADREG_0_connects_CED_CEAD_RSTD_GND: i_system_wrapper/system_i/axi_ad9361/inst/i_tx/i_tx_channel_3/i_ad_iqcor/g_loop[0].i_mul_q/i_mult_macro/dsp_v5_1.DSP48_V5_1: DSP48E1 is not using the D port (USE_DPORT = FALSE). For improved power characteristics, set DREG and ADREG to '1', tie CED, CEAD, and RSTD to logic '0'.
INFO: [DRC AVAL-4] enum_USE_DPORT_FALSE_enum_DREG_ADREG_0_connects_CED_CEAD_RSTD_GND: i_system_wrapper/system_i/axi_ad9361/inst/i_tx/i_tx_channel_3/i_dds/dds_phase[1].i_dds_2/i_dds_1_0/i_dds_scale/i_mult_macro/dsp_v5_1.DSP48_V5_1: DSP48E1 is not using the D port (USE_DPORT = FALSE). For improved power characteristics, set DREG and ADREG to '1', tie CED, CEAD, and RSTD to logic '0'.
INFO: [DRC AVAL-4] enum_USE_DPORT_FALSE_enum_DREG_ADREG_0_connects_CED_CEAD_RSTD_GND: i_system_wrapper/system_i/axi_ad9361/inst/i_tx/i_tx_channel_3/i_dds/dds_phase[1].i_dds_2/i_dds_1_1/i_dds_scale/i_mult_macro/dsp_v5_1.DSP48_V5_1: DSP48E1 is not using the D port (USE_DPORT = FALSE). For improved power characteristics, set DREG and ADREG to '1', tie CED, CEAD, and RSTD to logic '0'.
INFO: [Vivado 12-3199] DRC finished with 0 Errors, 21 Warnings, 24 Advisories
INFO: [Vivado 12-3200] Please refer to the DRC report (report_drc) for more information.
INFO: [Designutils 20-2272] Running write_bitstream with 2 threads.
Loading data files...
Loading site data...
Loading route data...
Processing options...
Creating bitmap...
Creating bitstream...
Bitstream compression saved 13514560 bits.
Writing bitstream ./system_top.bit...
INFO: [Vivado 12-1842] Bitgen Completed Successfully.
INFO: [#UNDEF] WebTalk data collection is mandatory when using a WebPACK part without a full Vivado license. To see the specific WebTalk data collected for your design, open the usage_statistics_webtalk.html or usage_statistics_webtalk.xml file in the implementation directory.
INFO: [Common 17-83] Releasing license: Implementation
50 Infos, 21 Warnings, 0 Critical Warnings and 0 Errors encountered.
write_bitstream completed successfully
write_bitstream: Time (s): cpu = 00:00:17 ; elapsed = 00:00:20 . Memory (MB): peak = 2407.680 ; gain = 623.383
INFO: [Common 17-206] Exiting Vivado at Wed Aug 14 19:34:19 2024...
